2025-10-16 10:21:40.858 [main] INFO  com.deliveryplatform.services.DeliveryService - Driver added to available pool: driverId=DRIVER-001
2025-10-16 10:21:40.865 [main] INFO  com.deliveryplatform.services.DeliveryService - Driver added to available pool: driverId=DRIVER-002
2025-10-16 10:21:40.865 [main] INFO  com.deliveryplatform.services.DeliveryService - Driver added to available pool: driverId=DRIVER-003
2025-10-16 10:21:40.866 [main] INFO  com.deliveryplatform.services.DeliveryService - Driver added to available pool: driverId=DRIVER-004
2025-10-16 10:21:40.866 [main] INFO  com.deliveryplatform.services.DeliveryService - Driver added to available pool: driverId=DRIVER-005
2025-10-16 10:21:40.867 [main] INFO  com.deliveryplatform.services.OrderService - Creating order: customerId=null, restaurantId=null, itemCount=0
2025-10-16 10:21:40.868 [main] WARN  com.deliveryplatform.services.OrderService - Order validation failed: customerId=null, restaurantId=null, errors=[Customer ID is required, Restaurant ID is required, Delivery address is required, Order must have at least one item]
2025-10-16 10:21:40.883 [main] INFO  com.deliveryplatform.services.OrderService - Creating order: customerId=CUST-001, restaurantId=REST-001, itemCount=1
2025-10-16 10:21:40.926 [main] INFO  com.deliveryplatform.models.Order - Order created: orderId=ORD-C301872C, customerId=CUST-001, restaurantId=REST-001, amount=15.99
2025-10-16 10:21:40.926 [main] INFO  com.deliveryplatform.services.OrderService - Order created successfully: orderId=ORD-C301872C, amount=15.99
2025-10-16 10:21:40.926 [main] INFO  com.deliveryplatform.services.RestaurantServiceImpl - 餐廳 REST-001 嘗試接單 ORD-C301872C
2025-10-16 10:21:40.927 [main] INFO  com.deliveryplatform.models.Order - Order status transition: orderId=ORD-C301872C, from=PENDING, to=ACCEPTED
2025-10-16 10:21:40.927 [main] INFO  com.deliveryplatform.services.RestaurantServiceImpl - 餐廳 REST-001 成功接單 ORD-C301872C
2025-10-16 10:21:40.927 [main] INFO  com.deliveryplatform.services.RestaurantServiceImpl - 餐廳 REST-001 開始製作訂單 ORD-C301872C
2025-10-16 10:21:40.928 [main] INFO  com.deliveryplatform.models.Order - Order status transition: orderId=ORD-C301872C, from=ACCEPTED, to=PREPARING
2025-10-16 10:21:40.928 [main] INFO  com.deliveryplatform.services.RestaurantServiceImpl - 餐廳 REST-001 成功開始製作訂單 ORD-C301872C
2025-10-16 10:21:40.928 [main] INFO  com.deliveryplatform.services.RestaurantServiceImpl - 餐廳 REST-001 標記訂單 ORD-C301872C 完成製作
2025-10-16 10:21:40.928 [main] INFO  com.deliveryplatform.models.Order - Order status transition: orderId=ORD-C301872C, from=PREPARING, to=READY_FOR_DELIVERY
2025-10-16 10:21:40.928 [main] INFO  com.deliveryplatform.services.RestaurantServiceImpl - 餐廳 REST-001 成功標記訂單 ORD-C301872C 完成製作
2025-10-16 10:21:40.928 [main] INFO  com.deliveryplatform.services.DeliveryService - Driver added to available pool: driverId=DRIVER-001
2025-10-16 10:21:40.928 [main] INFO  com.deliveryplatform.services.DeliveryService - Attempting to assign driver for order: ORD-C301872C
2025-10-16 10:21:40.930 [main] INFO  com.deliveryplatform.models.Order - Driver DRIVER-005 assigned to order ORD-C301872C
2025-10-16 10:21:40.930 [main] INFO  com.deliveryplatform.models.Order - Order status transition: orderId=ORD-C301872C, from=READY_FOR_DELIVERY, to=IN_DELIVERY
2025-10-16 10:21:40.930 [main] INFO  com.deliveryplatform.services.DeliveryService - Driver assigned successfully: orderId=ORD-C301872C, driverId=DRIVER-005
2025-10-16 10:21:40.931 [main] INFO  com.deliveryplatform.services.DeliveryService - Completing delivery: orderId=ORD-C301872C, driverId=DRIVER-005
2025-10-16 10:21:40.932 [main] INFO  com.deliveryplatform.models.Order - Order status transition: orderId=ORD-C301872C, from=IN_DELIVERY, to=DELIVERED
2025-10-16 10:21:40.932 [main] INFO  com.deliveryplatform.services.DeliveryService - Delivery completed successfully: orderId=ORD-C301872C, driverId=DRIVER-005
2025-10-16 10:21:40.932 [main] INFO  com.deliveryplatform.services.RestaurantServiceImpl - 餐廳 NONEXISTENT-RESTAURANT 嘗試接單 FAKE-ORDER
2025-10-16 10:21:40.932 [main] WARN  com.deliveryplatform.services.RestaurantServiceImpl - 業務異常 - acceptOrder: orderId=FAKE-ORDER, restaurantId=NONEXISTENT-RESTAURANT, 錯誤=Restaurant NONEXISTENT-RESTAURANT is currently unavailable: 餐廳不存在
2025-10-16 10:48:02.964 [main] INFO  com.deliveryplatform.services.DeliveryService - Driver added to available pool: driverId=DRIVER-001
2025-10-16 10:48:02.967 [main] INFO  com.deliveryplatform.services.DeliveryService - Driver added to available pool: driverId=DRIVER-002
2025-10-16 10:48:02.967 [main] INFO  com.deliveryplatform.services.DeliveryService - Driver added to available pool: driverId=DRIVER-003
2025-10-16 10:48:02.968 [main] INFO  com.deliveryplatform.services.DeliveryService - Driver added to available pool: driverId=DRIVER-004
2025-10-16 10:48:02.968 [main] INFO  com.deliveryplatform.services.DeliveryService - Driver added to available pool: driverId=DRIVER-005
2025-10-16 10:48:03.007 [main] INFO  com.deliveryplatform.services.DeliveryService - Driver added to available pool: driverId=DRIVER-001
2025-10-16 10:48:03.008 [main] INFO  com.deliveryplatform.services.DeliveryService - Driver added to available pool: driverId=DRIVER-002
2025-10-16 10:48:03.011 [main] INFO  com.deliveryplatform.services.OrderService - Creating order: customerId=CUST-004, restaurantId=REST-001, itemCount=2
2025-10-16 10:48:03.034 [main] INFO  com.deliveryplatform.models.Order - Order created: orderId=ORD-098F1BBC, customerId=CUST-004, restaurantId=REST-001, amount=20.99
2025-10-16 10:48:03.037 [main] INFO  com.deliveryplatform.services.OrderService - Order created successfully: orderId=ORD-098F1BBC, amount=20.99
2025-10-16 10:48:03.041 [main] INFO  com.deliveryplatform.services.RestaurantServiceImpl - 餐廳 NONEXISTENT-REST 嘗試接單 ORD-098F1BBC
2025-10-16 10:48:03.048 [main] WARN  com.deliveryplatform.services.RestaurantServiceImpl - 業務異常 - acceptOrder: orderId=ORD-098F1BBC, restaurantId=NONEXISTENT-REST, 錯誤=Restaurant NONEXISTENT-REST is currently unavailable: 餐廳不存在
2025-10-16 10:48:03.088 [main] INFO  com.deliveryplatform.services.DeliveryService - Driver added to available pool: driverId=DRIVER-001
2025-10-16 10:48:03.089 [main] INFO  com.deliveryplatform.services.DeliveryService - Driver added to available pool: driverId=DRIVER-002
2025-10-16 10:48:03.089 [main] INFO  com.deliveryplatform.services.DeliveryService - Driver added to available pool: driverId=DRIVER-003
2025-10-16 10:48:03.090 [main] INFO  com.deliveryplatform.services.DeliveryService - Driver added to available pool: driverId=DRIVER-004
2025-10-16 10:48:03.090 [main] INFO  com.deliveryplatform.services.DeliveryService - Driver added to available pool: driverId=DRIVER-005
2025-10-16 10:48:03.095 [main] INFO  com.deliveryplatform.services.DeliveryService - Driver added to available pool: driverId=DRIVER-001
2025-10-16 10:48:03.095 [main] INFO  com.deliveryplatform.services.DeliveryService - Driver added to available pool: driverId=DRIVER-002
2025-10-16 10:48:03.096 [main] INFO  com.deliveryplatform.services.OrderService - Creating order: customerId=CUST-005, restaurantId=REST-001, itemCount=2
2025-10-16 10:48:03.097 [main] INFO  com.deliveryplatform.models.Order - Order created: orderId=ORD-58FC7BC4, customerId=CUST-005, restaurantId=REST-001, amount=20.99
2025-10-16 10:48:03.098 [main] INFO  com.deliveryplatform.services.OrderService - Order created successfully: orderId=ORD-58FC7BC4, amount=20.99
2025-10-16 10:48:03.099 [main] INFO  com.deliveryplatform.services.RestaurantServiceImpl - 餐廳 REST-001 開始製作訂單 ORD-58FC7BC4
2025-10-16 10:48:03.101 [main] WARN  com.deliveryplatform.services.RestaurantServiceImpl - 業務異常 - startPreparingOrder: orderId=ORD-58FC7BC4, restaurantId=REST-001, 錯誤=Cannot transition order ORD-58FC7BC4 from PENDING to PREPARING: 訂單必須為 ACCEPTED 狀態才能開始製作
2025-10-16 10:48:03.170 [main] INFO  com.deliveryplatform.services.DeliveryService - Driver added to available pool: driverId=DRIVER-001
2025-10-16 10:48:03.171 [main] INFO  com.deliveryplatform.services.DeliveryService - Driver added to available pool: driverId=DRIVER-002
2025-10-16 10:48:03.171 [main] INFO  com.deliveryplatform.services.DeliveryService - Driver added to available pool: driverId=DRIVER-003
2025-10-16 10:48:03.172 [main] INFO  com.deliveryplatform.services.DeliveryService - Driver added to available pool: driverId=DRIVER-004
2025-10-16 10:48:03.172 [main] INFO  com.deliveryplatform.services.DeliveryService - Driver added to available pool: driverId=DRIVER-005
2025-10-16 10:48:03.172 [main] INFO  com.deliveryplatform.services.DeliveryService - Driver added to available pool: driverId=DRIVER-001
2025-10-16 10:48:03.172 [main] INFO  com.deliveryplatform.services.DeliveryService - Driver added to available pool: driverId=DRIVER-002
2025-10-16 10:48:03.314 [main] INFO  com.deliveryplatform.services.OrderService - Creating order: customerId=CUST-003, restaurantId=REST-001, itemCount=0
2025-10-16 10:48:03.317 [main] WARN  com.deliveryplatform.services.OrderService - Order validation failed: customerId=CUST-003, restaurantId=REST-001, errors=[Order must have at least one item]
2025-10-16 10:48:03.320 [main] INFO  com.deliveryplatform.services.OrderService - Creating order: customerId=CUST-003, restaurantId=REST-001, itemCount=2
2025-10-16 10:48:03.320 [main] WARN  com.deliveryplatform.services.OrderService - Order validation failed: customerId=CUST-003, restaurantId=REST-001, errors=[Delivery address is required]
2025-10-16 10:48:03.324 [main] INFO  com.deliveryplatform.services.DeliveryService - Driver added to available pool: driverId=DRIVER-001
2025-10-16 10:48:03.325 [main] INFO  com.deliveryplatform.services.DeliveryService - Driver added to available pool: driverId=DRIVER-002
2025-10-16 10:48:03.325 [main] INFO  com.deliveryplatform.services.DeliveryService - Driver added to available pool: driverId=DRIVER-003
2025-10-16 10:48:03.325 [main] INFO  com.deliveryplatform.services.DeliveryService - Driver added to available pool: driverId=DRIVER-004
2025-10-16 10:48:03.325 [main] INFO  com.deliveryplatform.services.DeliveryService - Driver added to available pool: driverId=DRIVER-005
2025-10-16 10:48:03.326 [main] INFO  com.deliveryplatform.services.DeliveryService - Driver added to available pool: driverId=DRIVER-001
2025-10-16 10:48:03.326 [main] INFO  com.deliveryplatform.services.DeliveryService - Driver added to available pool: driverId=DRIVER-002
2025-10-16 10:48:03.327 [main] INFO  com.deliveryplatform.services.OrderService - Creating order: customerId=CUST-001, restaurantId=REST-001, itemCount=2
2025-10-16 10:48:03.327 [main] INFO  com.deliveryplatform.models.Order - Order created: orderId=ORD-975DF820, customerId=CUST-001, restaurantId=REST-001, amount=20.99
2025-10-16 10:48:03.327 [main] INFO  com.deliveryplatform.services.OrderService - Order created successfully: orderId=ORD-975DF820, amount=20.99
2025-10-16 10:48:03.332 [main] INFO  com.deliveryplatform.services.RestaurantServiceImpl - 餐廳 REST-001 嘗試接單 ORD-975DF820
2025-10-16 10:48:03.342 [main] INFO  com.deliveryplatform.models.Order - Order status transition: orderId=ORD-975DF820, from=PENDING, to=ACCEPTED
2025-10-16 10:48:03.348 [main] INFO  com.deliveryplatform.services.RestaurantServiceImpl - 餐廳 REST-001 成功接單 ORD-975DF820
2025-10-16 10:48:03.349 [main] INFO  com.deliveryplatform.services.RestaurantServiceImpl - 餐廳 REST-001 開始製作訂單 ORD-975DF820
2025-10-16 10:48:03.364 [main] INFO  com.deliveryplatform.models.Order - Order status transition: orderId=ORD-975DF820, from=ACCEPTED, to=PREPARING
2025-10-16 10:48:03.372 [main] INFO  com.deliveryplatform.services.RestaurantServiceImpl - 餐廳 REST-001 成功開始製作訂單 ORD-975DF820
2025-10-16 10:48:03.372 [main] INFO  com.deliveryplatform.services.RestaurantServiceImpl - 餐廳 REST-001 標記訂單 ORD-975DF820 完成製作
2025-10-16 10:48:03.373 [main] INFO  com.deliveryplatform.models.Order - Order status transition: orderId=ORD-975DF820, from=PREPARING, to=READY_FOR_DELIVERY
2025-10-16 10:48:03.373 [main] INFO  com.deliveryplatform.services.RestaurantServiceImpl - 餐廳 REST-001 成功標記訂單 ORD-975DF820 完成製作
2025-10-16 10:48:03.373 [main] INFO  com.deliveryplatform.services.DeliveryService - Attempting to assign driver for order: ORD-975DF820
2025-10-16 10:48:03.374 [main] INFO  com.deliveryplatform.models.Order - Driver DRIVER-005 assigned to order ORD-975DF820
2025-10-16 10:48:03.374 [main] INFO  com.deliveryplatform.models.Order - Order status transition: orderId=ORD-975DF820, from=READY_FOR_DELIVERY, to=IN_DELIVERY
2025-10-16 10:48:03.374 [main] INFO  com.deliveryplatform.services.DeliveryService - Driver assigned successfully: orderId=ORD-975DF820, driverId=DRIVER-005
2025-10-16 10:48:03.375 [main] INFO  com.deliveryplatform.services.DeliveryService - Completing delivery: orderId=ORD-975DF820, driverId=DRIVER-005
2025-10-16 10:48:03.383 [main] INFO  com.deliveryplatform.models.Order - Order status transition: orderId=ORD-975DF820, from=IN_DELIVERY, to=DELIVERED
2025-10-16 10:48:03.388 [main] INFO  com.deliveryplatform.services.DeliveryService - Delivery completed successfully: orderId=ORD-975DF820, driverId=DRIVER-005
2025-10-16 10:48:03.394 [main] INFO  com.deliveryplatform.services.DeliveryService - Driver added to available pool: driverId=DRIVER-001
2025-10-16 10:48:03.422 [main] INFO  com.deliveryplatform.services.DeliveryService - Driver added to available pool: driverId=DRIVER-002
2025-10-16 10:48:03.423 [main] INFO  com.deliveryplatform.services.DeliveryService - Driver added to available pool: driverId=DRIVER-003
2025-10-16 10:48:03.423 [main] INFO  com.deliveryplatform.services.DeliveryService - Driver added to available pool: driverId=DRIVER-004
2025-10-16 10:48:03.423 [main] INFO  com.deliveryplatform.services.DeliveryService - Driver added to available pool: driverId=DRIVER-005
2025-10-16 10:48:03.424 [main] INFO  com.deliveryplatform.services.DeliveryService - Driver added to available pool: driverId=DRIVER-001
2025-10-16 10:48:03.424 [main] INFO  com.deliveryplatform.services.DeliveryService - Driver added to available pool: driverId=DRIVER-002
2025-10-16 10:48:03.427 [main] INFO  com.deliveryplatform.services.OrderService - Creating order: customerId=CUST-002, restaurantId=REST-001, itemCount=2
2025-10-16 10:48:03.427 [main] INFO  com.deliveryplatform.models.Order - Order created: orderId=ORD-B7AFE439, customerId=CUST-002, restaurantId=REST-001, amount=20.99
2025-10-16 10:48:03.428 [main] INFO  com.deliveryplatform.services.OrderService - Order created successfully: orderId=ORD-B7AFE439, amount=20.99
2025-10-16 10:48:03.428 [main] INFO  com.deliveryplatform.services.RestaurantServiceImpl - 餐廳 REST-001 拒絕訂單 ORD-B7AFE439 - 原因: 餐廳太忙
2025-10-16 10:48:03.428 [main] INFO  com.deliveryplatform.models.Order - Order status transition: orderId=ORD-B7AFE439, from=PENDING, to=REJECTED
2025-10-16 10:48:03.428 [main] INFO  com.deliveryplatform.services.RestaurantServiceImpl - 餐廳 REST-001 成功拒絕訂單 ORD-B7AFE439 - 原因: 餐廳太忙
2025-10-16 10:48:03.438 [main] INFO  com.deliveryplatform.services.DeliveryService - Driver added to available pool: driverId=DRIVER-001
2025-10-16 10:48:03.438 [main] INFO  com.deliveryplatform.services.DeliveryService - Driver added to available pool: driverId=DRIVER-002
2025-10-16 10:48:03.438 [main] INFO  com.deliveryplatform.services.DeliveryService - Driver added to available pool: driverId=DRIVER-003
2025-10-16 10:48:03.438 [main] INFO  com.deliveryplatform.services.DeliveryService - Driver added to available pool: driverId=DRIVER-004
2025-10-16 10:48:03.438 [main] INFO  com.deliveryplatform.services.DeliveryService - Driver added to available pool: driverId=DRIVER-005
2025-10-16 10:48:03.439 [main] INFO  com.deliveryplatform.services.DeliveryService - Driver added to available pool: driverId=DRIVER-001
2025-10-16 10:48:03.439 [main] INFO  com.deliveryplatform.services.DeliveryService - Driver added to available pool: driverId=DRIVER-002
2025-10-16 10:48:03.443 [main] INFO  com.deliveryplatform.services.OrderService - Creating order: customerId=CUST-006, restaurantId=REST-001, itemCount=2
2025-10-16 10:48:03.444 [main] INFO  com.deliveryplatform.models.Order - Order created: orderId=ORD-5793BD01, customerId=CUST-006, restaurantId=REST-001, amount=20.99
2025-10-16 10:48:03.447 [main] INFO  com.deliveryplatform.services.OrderService - Order created successfully: orderId=ORD-5793BD01, amount=20.99
2025-10-16 10:48:03.448 [main] INFO  com.deliveryplatform.services.RestaurantServiceImpl - 餐廳 REST-001 嘗試接單 ORD-5793BD01
2025-10-16 10:48:03.459 [main] INFO  com.deliveryplatform.models.Order - Order status transition: orderId=ORD-5793BD01, from=PENDING, to=ACCEPTED
2025-10-16 10:48:03.459 [main] INFO  com.deliveryplatform.services.RestaurantServiceImpl - 餐廳 REST-001 成功接單 ORD-5793BD01
2025-10-16 10:48:03.459 [main] INFO  com.deliveryplatform.services.RestaurantServiceImpl - 餐廳 REST-001 開始製作訂單 ORD-5793BD01
2025-10-16 10:48:03.459 [main] INFO  com.deliveryplatform.models.Order - Order status transition: orderId=ORD-5793BD01, from=ACCEPTED, to=PREPARING
2025-10-16 10:48:03.460 [main] INFO  com.deliveryplatform.services.RestaurantServiceImpl - 餐廳 REST-001 成功開始製作訂單 ORD-5793BD01
2025-10-16 10:48:03.460 [main] INFO  com.deliveryplatform.services.RestaurantServiceImpl - 餐廳 REST-001 標記訂單 ORD-5793BD01 完成製作
2025-10-16 10:48:03.460 [main] INFO  com.deliveryplatform.models.Order - Order status transition: orderId=ORD-5793BD01, from=PREPARING, to=READY_FOR_DELIVERY
2025-10-16 10:48:03.460 [main] INFO  com.deliveryplatform.services.RestaurantServiceImpl - 餐廳 REST-001 成功標記訂單 ORD-5793BD01 完成製作
2025-10-16 10:48:03.460 [main] INFO  com.deliveryplatform.services.DeliveryService - Driver added to available pool: driverId=DRIVER-001
2025-10-16 10:48:03.460 [main] INFO  com.deliveryplatform.services.DeliveryService - Driver added to available pool: driverId=DRIVER-002
2025-10-16 10:48:03.467 [main] INFO  com.deliveryplatform.services.DeliveryService - Driver added to available pool: driverId=DRIVER-003
2025-10-16 10:48:03.468 [main] INFO  com.deliveryplatform.services.DeliveryService - Driver added to available pool: driverId=DRIVER-004
2025-10-16 10:48:03.468 [main] INFO  com.deliveryplatform.services.DeliveryService - Driver added to available pool: driverId=DRIVER-005
2025-10-16 10:48:03.468 [main] INFO  com.deliveryplatform.services.DeliveryService - Driver removed from available pool: driverId=DRIVER-001
2025-10-16 10:48:03.469 [main] INFO  com.deliveryplatform.services.DeliveryService - Driver removed from available pool: driverId=DRIVER-002
2025-10-16 10:48:03.469 [main] INFO  com.deliveryplatform.services.DeliveryService - Driver removed from available pool: driverId=DRIVER-003
2025-10-16 10:48:03.469 [main] INFO  com.deliveryplatform.services.DeliveryService - Driver removed from available pool: driverId=DRIVER-004
2025-10-16 10:48:03.469 [main] INFO  com.deliveryplatform.services.DeliveryService - Driver removed from available pool: driverId=DRIVER-005
2025-10-16 10:48:03.469 [main] INFO  com.deliveryplatform.services.DeliveryService - Driver removed from available pool: driverId=DRIVER-006
2025-10-16 10:48:03.469 [main] INFO  com.deliveryplatform.services.DeliveryService - Driver removed from available pool: driverId=DRIVER-007
2025-10-16 10:48:03.469 [main] INFO  com.deliveryplatform.services.DeliveryService - Driver removed from available pool: driverId=DRIVER-008
2025-10-16 10:48:03.470 [main] INFO  com.deliveryplatform.services.DeliveryService - Driver removed from available pool: driverId=DRIVER-009
2025-10-16 10:48:03.470 [main] INFO  com.deliveryplatform.services.DeliveryService - Driver removed from available pool: driverId=DRIVER-0010
2025-10-16 10:48:03.471 [main] INFO  com.deliveryplatform.services.DeliveryService - Attempting to assign driver for order: ORD-5793BD01
2025-10-16 10:48:03.471 [main] WARN  com.deliveryplatform.services.DeliveryService - Business exception in assignDriver: orderId=ORD-5793BD01, error=Failed to assign delivery for order ORD-5793BD01: No drivers available for delivery assignment
2025-10-16 10:48:03.558 [main] INFO  com.deliveryplatform.models.Order - Order created: orderId=ORD-2F429CA9, customerId=CUST-001, restaurantId=REST-001, amount=34.48
2025-10-16 10:48:03.562 [main] INFO  com.deliveryplatform.models.Order - Order status transition: orderId=ORD-2F429CA9, from=PENDING, to=ACCEPTED
2025-10-16 10:48:03.652 [main] INFO  com.deliveryplatform.models.Order - Order created: orderId=ORD-24CA6452, customerId=CUST-001, restaurantId=REST-001, amount=34.48
2025-10-16 10:48:03.656 [main] INFO  com.deliveryplatform.models.Order - Order created: orderId=ORD-2621CBD9, customerId=CUST-001, restaurantId=REST-001, amount=34.48
2025-10-16 10:48:03.657 [main] INFO  com.deliveryplatform.models.Order - Order created: orderId=ORD-D1B10AC1, customerId=CUST-001, restaurantId=REST-001, amount=34.48
2025-10-16 10:48:03.661 [main] INFO  com.deliveryplatform.models.Order - Order created: orderId=ORD-4FF20BA2, customerId=CUST-001, restaurantId=REST-001, amount=34.48
2025-10-16 10:48:03.666 [main] INFO  com.deliveryplatform.models.Order - Order created: orderId=ORD-0E1924F2, customerId=CUST-001, restaurantId=REST-001, amount=34.48
2025-10-16 10:48:03.667 [main] INFO  com.deliveryplatform.models.Order - Order status transition: orderId=ORD-0E1924F2, from=PENDING, to=ACCEPTED
2025-10-16 10:48:03.667 [main] INFO  com.deliveryplatform.models.Order - Order status transition: orderId=ORD-0E1924F2, from=ACCEPTED, to=PREPARING
2025-10-16 10:48:03.668 [main] INFO  com.deliveryplatform.models.Order - Order status transition: orderId=ORD-0E1924F2, from=PREPARING, to=READY_FOR_DELIVERY
2025-10-16 10:48:03.668 [main] INFO  com.deliveryplatform.models.Order - Order status transition: orderId=ORD-0E1924F2, from=READY_FOR_DELIVERY, to=IN_DELIVERY
2025-10-16 10:48:03.668 [main] INFO  com.deliveryplatform.models.Order - Order status transition: orderId=ORD-0E1924F2, from=IN_DELIVERY, to=DELIVERED
2025-10-16 10:48:03.669 [main] INFO  com.deliveryplatform.models.Order - Order created: orderId=ORD-13BE7388, customerId=CUST-002, restaurantId=REST-001, amount=34.48
2025-10-16 10:48:03.669 [main] INFO  com.deliveryplatform.models.Order - Order status transition: orderId=ORD-13BE7388, from=PENDING, to=REJECTED
2025-10-16 10:48:03.674 [main] INFO  com.deliveryplatform.models.Order - Order created: orderId=ORD-A111404F, customerId=CUST-001, restaurantId=REST-001, amount=34.48
2025-10-16 10:48:03.674 [main] INFO  com.deliveryplatform.models.Order - Order status transition: orderId=ORD-A111404F, from=PENDING, to=REJECTED
2025-10-16 10:48:03.684 [main] INFO  com.deliveryplatform.models.Order - Order created: orderId=ORD-A7131FAE, customerId=CUST-001, restaurantId=REST-001, amount=34.48
2025-10-16 10:48:03.860 [main] INFO  com.deliveryplatform.models.Order - Order created: orderId=ORD-4BE94221, customerId=CUST-001, restaurantId=REST-001, amount=34.48
2025-10-16 10:48:03.862 [main] INFO  com.deliveryplatform.models.Order - Order created: orderId=ORD-EDC7B4E8, customerId=CUST-002, restaurantId=REST-001, amount=34.48
2025-10-16 10:48:03.866 [main] INFO  com.deliveryplatform.models.Order - Order created: orderId=ORD-D1B6CFF8, customerId=CUST-001, restaurantId=REST-001, amount=34.48
2025-10-16 10:48:03.877 [main] INFO  com.deliveryplatform.models.Order - Order created: orderId=ORD-09CF455D, customerId=CUST-001, restaurantId=REST-001, amount=34.48
2025-10-16 10:48:03.917 [main] INFO  com.deliveryplatform.models.Order - Order created: orderId=ORD-84B66912, customerId=CUST-001, restaurantId=REST-001, amount=34.48
2025-10-16 10:48:03.919 [main] INFO  com.deliveryplatform.models.Order - Order status transition: orderId=ORD-84B66912, from=PENDING, to=ACCEPTED
2025-10-16 10:48:03.919 [main] INFO  com.deliveryplatform.models.Order - Order status transition: orderId=ORD-84B66912, from=ACCEPTED, to=PREPARING
2025-10-16 10:48:03.919 [main] INFO  com.deliveryplatform.models.Order - Order status transition: orderId=ORD-84B66912, from=PREPARING, to=READY_FOR_DELIVERY
2025-10-16 10:48:03.919 [main] INFO  com.deliveryplatform.models.Order - Order status transition: orderId=ORD-84B66912, from=READY_FOR_DELIVERY, to=IN_DELIVERY
2025-10-16 10:48:03.919 [main] INFO  com.deliveryplatform.models.Order - Order status transition: orderId=ORD-84B66912, from=IN_DELIVERY, to=DELIVERED
2025-10-16 10:48:03.924 [main] INFO  com.deliveryplatform.models.Order - Order created: orderId=ORD-8779F757, customerId=CUST-001, restaurantId=REST-001, amount=34.48
2025-10-16 10:48:03.926 [main] INFO  com.deliveryplatform.models.Order - Order created: orderId=ORD-3A6D38BB, customerId=CUST-001, restaurantId=REST-001, amount=34.48
2025-10-16 10:48:03.927 [main] INFO  com.deliveryplatform.models.Order - Order status transition: orderId=ORD-3A6D38BB, from=PENDING, to=CANCELLED
2025-10-16 10:48:04.566 [main] INFO  com.deliveryplatform.models.Order - Order created: orderId=ORD-11A04A66, customerId=CUST-001, restaurantId=REST-001, amount=15.99
2025-10-16 10:48:04.576 [main] INFO  com.deliveryplatform.services.RestaurantServiceImpl - 餐廳 REST-001 嘗試接單 ORD-11A04A66
2025-10-16 10:48:04.576 [main] INFO  com.deliveryplatform.models.Order - Order status transition: orderId=ORD-11A04A66, from=PENDING, to=ACCEPTED
2025-10-16 10:48:04.576 [main] INFO  com.deliveryplatform.services.RestaurantServiceImpl - 餐廳 REST-001 成功接單 ORD-11A04A66
2025-10-16 10:48:04.577 [main] INFO  com.deliveryplatform.services.RestaurantServiceImpl - 餐廳 REST-001 拒絕訂單 ORD-11A04A66 - 原因: Changed mind
2025-10-16 10:48:04.577 [main] WARN  com.deliveryplatform.services.RestaurantServiceImpl - 業務異常 - rejectOrder: orderId=ORD-11A04A66, restaurantId=REST-001, 錯誤=Cannot transition order ORD-11A04A66 from ACCEPTED to REJECTED: 訂單必須為 PENDING 狀態才能拒單
2025-10-16 10:48:04.587 [main] INFO  com.deliveryplatform.models.Order - Order created: orderId=ORD-C51B6800, customerId=CUST-001, restaurantId=REST-001, amount=15.99
2025-10-16 10:48:04.588 [main] INFO  com.deliveryplatform.services.RestaurantServiceImpl - 餐廳 REST-001 嘗試接單 ORD-C51B6800
2025-10-16 10:48:04.588 [main] INFO  com.deliveryplatform.models.Order - Order status transition: orderId=ORD-C51B6800, from=PENDING, to=ACCEPTED
2025-10-16 10:48:04.588 [main] INFO  com.deliveryplatform.services.RestaurantServiceImpl - 餐廳 REST-001 成功接單 ORD-C51B6800
2025-10-16 10:48:04.588 [main] INFO  com.deliveryplatform.services.RestaurantServiceImpl - 餐廳 REST-001 開始製作訂單 ORD-C51B6800
2025-10-16 10:48:04.589 [main] INFO  com.deliveryplatform.models.Order - Order status transition: orderId=ORD-C51B6800, from=ACCEPTED, to=PREPARING
2025-10-16 10:48:04.589 [main] INFO  com.deliveryplatform.services.RestaurantServiceImpl - 餐廳 REST-001 成功開始製作訂單 ORD-C51B6800
2025-10-16 10:48:04.589 [main] INFO  com.deliveryplatform.services.RestaurantServiceImpl - 餐廳 REST-001 標記訂單 ORD-C51B6800 完成製作
2025-10-16 10:48:04.589 [main] INFO  com.deliveryplatform.models.Order - Order status transition: orderId=ORD-C51B6800, from=PREPARING, to=READY_FOR_DELIVERY
2025-10-16 10:48:04.589 [main] INFO  com.deliveryplatform.services.RestaurantServiceImpl - 餐廳 REST-001 成功標記訂單 ORD-C51B6800 完成製作
2025-10-16 10:48:04.590 [main] INFO  com.deliveryplatform.models.Order - Order created: orderId=ORD-3C5A5183, customerId=CUST-001, restaurantId=REST-001, amount=15.99
2025-10-16 10:48:04.591 [main] INFO  com.deliveryplatform.services.RestaurantServiceImpl - 餐廳 REST-001 嘗試接單 NONEXISTENT-ORDER
2025-10-16 10:48:04.592 [main] ERROR com.deliveryplatform.services.RestaurantServiceImpl - 系統異常 - acceptOrder: orderId=NONEXISTENT-ORDER, restaurantId=REST-001
java.lang.IllegalArgumentException: 訂單不存在: NONEXISTENT-ORDER
	at com.deliveryplatform.services.RestaurantServiceImpl.lambda$getOrderAndValidateOwnership$0(RestaurantServiceImpl.java:246) ~[classes/:?]
	at java.util.Optional.orElseThrow(Optional.java:403) ~[?:?]
	at com.deliveryplatform.services.RestaurantServiceImpl.getOrderAndValidateOwnership(RestaurantServiceImpl.java:246) ~[classes/:?]
	at com.deliveryplatform.services.RestaurantServiceImpl.validateOrderForAcceptance(RestaurantServiceImpl.java:195) ~[classes/:?]
	at com.deliveryplatform.services.RestaurantServiceImpl.acceptOrder(RestaurantServiceImpl.java:46) [classes/:?]
	at com.deliveryplatform.services.RestaurantServiceTest.lambda$testAcceptOrder_OrderNotFound$0(RestaurantServiceTest.java:80) [test-classes/:?]
	at org.junit.jupiter.api.AssertThrows.assertThrows(AssertThrows.java:53) [junit-jupiter-api-5.9.3.jar:5.9.3]
	at org.junit.jupiter.api.AssertThrows.assertThrows(AssertThrows.java:35) [junit-jupiter-api-5.9.3.jar:5.9.3]
	at org.junit.jupiter.api.Assertions.assertThrows(Assertions.java:3083) [junit-jupiter-api-5.9.3.jar:5.9.3]
	at com.deliveryplatform.services.RestaurantServiceTest.testAcceptOrder_OrderNotFound(RestaurantServiceTest.java:79) [test-classes/:?]
	at jdk.internal.reflect.DirectMethodHandleAccessor.invoke(DirectMethodHandleAccessor.java:104) ~[?:?]
	at java.lang.reflect.Method.invoke(Method.java:565) ~[?:?]
	at org.junit.platform.commons.util.ReflectionUtils.invokeMethod(ReflectionUtils.java:727) [junit-platform-commons-1.9.3.jar:1.9.3]
	at org.junit.jupiter.engine.execution.MethodInvocation.proceed(MethodInvocation.java:60) [junit-jupiter-engine-5.9.3.jar:5.9.3]
	at org.junit.jupiter.engine.execution.InvocationInterceptorChain$ValidatingInvocation.proceed(InvocationInterceptorChain.java:131) [junit-jupiter-engine-5.9.3.jar:5.9.3]
	at org.junit.jupiter.engine.extension.TimeoutExtension.intercept(TimeoutExtension.java:156) [junit-jupiter-engine-5.9.3.jar:5.9.3]
	at org.junit.jupiter.engine.extension.TimeoutExtension.interceptTestableMethod(TimeoutExtension.java:147) [junit-jupiter-engine-5.9.3.jar:5.9.3]
	at org.junit.jupiter.engine.extension.TimeoutExtension.interceptTestMethod(TimeoutExtension.java:86) [junit-jupiter-engine-5.9.3.jar:5.9.3]
	at org.junit.jupiter.engine.execution.InterceptingExecutableInvoker$ReflectiveInterceptorCall.lambda$ofVoidMethod$0(InterceptingExecutableInvoker.java:103) [junit-jupiter-engine-5.9.3.jar:5.9.3]
	at org.junit.jupiter.engine.execution.InterceptingExecutableInvoker.lambda$invoke$0(InterceptingExecutableInvoker.java:93) [junit-jupiter-engine-5.9.3.jar:5.9.3]
	at org.junit.jupiter.engine.execution.InvocationInterceptorChain$InterceptedInvocation.proceed(InvocationInterceptorChain.java:106) [junit-jupiter-engine-5.9.3.jar:5.9.3]
	at org.junit.jupiter.engine.execution.InvocationInterceptorChain.proceed(InvocationInterceptorChain.java:64) [junit-jupiter-engine-5.9.3.jar:5.9.3]
	at org.junit.jupiter.engine.execution.InvocationInterceptorChain.chainAndInvoke(InvocationInterceptorChain.java:45) [junit-jupiter-engine-5.9.3.jar:5.9.3]
	at org.junit.jupiter.engine.execution.InvocationInterceptorChain.invoke(InvocationInterceptorChain.java:37) [junit-jupiter-engine-5.9.3.jar:5.9.3]
	at org.junit.jupiter.engine.execution.InterceptingExecutableInvoker.invoke(InterceptingExecutableInvoker.java:92) [junit-jupiter-engine-5.9.3.jar:5.9.3]
	at org.junit.jupiter.engine.execution.InterceptingExecutableInvoker.invoke(InterceptingExecutableInvoker.java:86) [junit-jupiter-engine-5.9.3.jar:5.9.3]
	at org.junit.jupiter.engine.descriptor.TestMethodTestDescriptor.lambda$invokeTestMethod$7(TestMethodTestDescriptor.java:217) [junit-jupiter-engine-5.9.3.jar:5.9.3]
	at org.junit.platform.engine.support.hierarchical.ThrowableCollector.execute(ThrowableCollector.java:73) [junit-platform-engine-1.9.3.jar:1.9.3]
	at org.junit.jupiter.engine.descriptor.TestMethodTestDescriptor.invokeTestMethod(TestMethodTestDescriptor.java:213) [junit-jupiter-engine-5.9.3.jar:5.9.3]
	at org.junit.jupiter.engine.descriptor.TestMethodTestDescriptor.execute(TestMethodTestDescriptor.java:138) [junit-jupiter-engine-5.9.3.jar:5.9.3]
	at org.junit.jupiter.engine.descriptor.TestMethodTestDescriptor.execute(TestMethodTestDescriptor.java:68) [junit-jupiter-engine-5.9.3.jar:5.9.3]
	at org.junit.platform.engine.support.hierarchical.NodeTestTask.lambda$executeRecursively$6(NodeTestTask.java:151) [junit-platform-engine-1.9.3.jar:1.9.3]
	at org.junit.platform.engine.support.hierarchical.ThrowableCollector.execute(ThrowableCollector.java:73) [junit-platform-engine-1.9.3.jar:1.9.3]
	at org.junit.platform.engine.support.hierarchical.NodeTestTask.lambda$executeRecursively$8(NodeTestTask.java:141) [junit-platform-engine-1.9.3.jar:1.9.3]
	at org.junit.platform.engine.support.hierarchical.Node.around(Node.java:137) [junit-platform-engine-1.9.3.jar:1.9.3]
	at org.junit.platform.engine.support.hierarchical.NodeTestTask.lambda$executeRecursively$9(NodeTestTask.java:139) [junit-platform-engine-1.9.3.jar:1.9.3]
	at org.junit.platform.engine.support.hierarchical.ThrowableCollector.execute(ThrowableCollector.java:73) [junit-platform-engine-1.9.3.jar:1.9.3]
	at org.junit.platform.engine.support.hierarchical.NodeTestTask.executeRecursively(NodeTestTask.java:138) [junit-platform-engine-1.9.3.jar:1.9.3]
	at org.junit.platform.engine.support.hierarchical.NodeTestTask.execute(NodeTestTask.java:95) [junit-platform-engine-1.9.3.jar:1.9.3]
	at java.util.ArrayList.forEach(ArrayList.java:1604) [?:?]
	at org.junit.platform.engine.support.hierarchical.SameThreadHierarchicalTestExecutorService.invokeAll(SameThreadHierarchicalTestExecutorService.java:41) [junit-platform-engine-1.9.3.jar:1.9.3]
	at org.junit.platform.engine.support.hierarchical.NodeTestTask.lambda$executeRecursively$6(NodeTestTask.java:155) [junit-platform-engine-1.9.3.jar:1.9.3]
	at org.junit.platform.engine.support.hierarchical.ThrowableCollector.execute(ThrowableCollector.java:73) [junit-platform-engine-1.9.3.jar:1.9.3]
	at org.junit.platform.engine.support.hierarchical.NodeTestTask.lambda$executeRecursively$8(NodeTestTask.java:141) [junit-platform-engine-1.9.3.jar:1.9.3]
	at org.junit.platform.engine.support.hierarchical.Node.around(Node.java:137) [junit-platform-engine-1.9.3.jar:1.9.3]
	at org.junit.platform.engine.support.hierarchical.NodeTestTask.lambda$executeRecursively$9(NodeTestTask.java:139) [junit-platform-engine-1.9.3.jar:1.9.3]
	at org.junit.platform.engine.support.hierarchical.ThrowableCollector.execute(ThrowableCollector.java:73) [junit-platform-engine-1.9.3.jar:1.9.3]
	at org.junit.platform.engine.support.hierarchical.NodeTestTask.executeRecursively(NodeTestTask.java:138) [junit-platform-engine-1.9.3.jar:1.9.3]
	at org.junit.platform.engine.support.hierarchical.NodeTestTask.execute(NodeTestTask.java:95) [junit-platform-engine-1.9.3.jar:1.9.3]
	at java.util.ArrayList.forEach(ArrayList.java:1604) [?:?]
	at org.junit.platform.engine.support.hierarchical.SameThreadHierarchicalTestExecutorService.invokeAll(SameThreadHierarchicalTestExecutorService.java:41) [junit-platform-engine-1.9.3.jar:1.9.3]
	at org.junit.platform.engine.support.hierarchical.NodeTestTask.lambda$executeRecursively$6(NodeTestTask.java:155) [junit-platform-engine-1.9.3.jar:1.9.3]
	at org.junit.platform.engine.support.hierarchical.ThrowableCollector.execute(ThrowableCollector.java:73) [junit-platform-engine-1.9.3.jar:1.9.3]
	at org.junit.platform.engine.support.hierarchical.NodeTestTask.lambda$executeRecursively$8(NodeTestTask.java:141) [junit-platform-engine-1.9.3.jar:1.9.3]
	at org.junit.platform.engine.support.hierarchical.Node.around(Node.java:137) [junit-platform-engine-1.9.3.jar:1.9.3]
	at org.junit.platform.engine.support.hierarchical.NodeTestTask.lambda$executeRecursively$9(NodeTestTask.java:139) [junit-platform-engine-1.9.3.jar:1.9.3]
	at org.junit.platform.engine.support.hierarchical.ThrowableCollector.execute(ThrowableCollector.java:73) [junit-platform-engine-1.9.3.jar:1.9.3]
	at org.junit.platform.engine.support.hierarchical.NodeTestTask.executeRecursively(NodeTestTask.java:138) [junit-platform-engine-1.9.3.jar:1.9.3]
	at org.junit.platform.engine.support.hierarchical.NodeTestTask.execute(NodeTestTask.java:95) [junit-platform-engine-1.9.3.jar:1.9.3]
	at org.junit.platform.engine.support.hierarchical.SameThreadHierarchicalTestExecutorService.submit(SameThreadHierarchicalTestExecutorService.java:35) [junit-platform-engine-1.9.3.jar:1.9.3]
	at org.junit.platform.engine.support.hierarchical.HierarchicalTestExecutor.execute(HierarchicalTestExecutor.java:57) [junit-platform-engine-1.9.3.jar:1.9.3]
	at org.junit.platform.engine.support.hierarchical.HierarchicalTestEngine.execute(HierarchicalTestEngine.java:54) [junit-platform-engine-1.9.3.jar:1.9.3]
	at org.junit.platform.launcher.core.EngineExecutionOrchestrator.execute(EngineExecutionOrchestrator.java:147) [junit-platform-launcher-1.9.3.jar:1.9.3]
	at org.junit.platform.launcher.core.EngineExecutionOrchestrator.execute(EngineExecutionOrchestrator.java:127) [junit-platform-launcher-1.9.3.jar:1.9.3]
	at org.junit.platform.launcher.core.EngineExecutionOrchestrator.execute(EngineExecutionOrchestrator.java:90) [junit-platform-launcher-1.9.3.jar:1.9.3]
	at org.junit.platform.launcher.core.EngineExecutionOrchestrator.lambda$execute$0(EngineExecutionOrchestrator.java:55) [junit-platform-launcher-1.9.3.jar:1.9.3]
	at org.junit.platform.launcher.core.EngineExecutionOrchestrator.withInterceptedStreams(EngineExecutionOrchestrator.java:102) [junit-platform-launcher-1.9.3.jar:1.9.3]
	at org.junit.platform.launcher.core.EngineExecutionOrchestrator.execute(EngineExecutionOrchestrator.java:54) [junit-platform-launcher-1.9.3.jar:1.9.3]
	at org.junit.platform.launcher.core.DefaultLauncher.execute(DefaultLauncher.java:114) [junit-platform-launcher-1.9.3.jar:1.9.3]
	at org.junit.platform.launcher.core.DefaultLauncher.execute(DefaultLauncher.java:86) [junit-platform-launcher-1.9.3.jar:1.9.3]
	at org.junit.platform.launcher.core.DefaultLauncherSession$DelegatingLauncher.execute(DefaultLauncherSession.java:86) [junit-platform-launcher-1.9.3.jar:1.9.3]
	at org.apache.maven.surefire.junitplatform.LazyLauncher.execute(LazyLauncher.java:50) [surefire-junit-platform-3.1.0.jar:3.1.0]
	at org.apache.maven.surefire.junitplatform.JUnitPlatformProvider.execute(JUnitPlatformProvider.java:184) [surefire-junit-platform-3.1.0.jar:3.1.0]
	at org.apache.maven.surefire.junitplatform.JUnitPlatformProvider.invokeAllTests(JUnitPlatformProvider.java:148) [surefire-junit-platform-3.1.0.jar:3.1.0]
	at org.apache.maven.surefire.junitplatform.JUnitPlatformProvider.invoke(JUnitPlatformProvider.java:122) [surefire-junit-platform-3.1.0.jar:3.1.0]
	at org.apache.maven.surefire.booter.ForkedBooter.runSuitesInProcess(ForkedBooter.java:385) [surefire-booter-3.1.0.jar:3.1.0]
	at org.apache.maven.surefire.booter.ForkedBooter.execute(ForkedBooter.java:162) [surefire-booter-3.1.0.jar:3.1.0]
	at org.apache.maven.surefire.booter.ForkedBooter.run(ForkedBooter.java:507) [surefire-booter-3.1.0.jar:3.1.0]
	at org.apache.maven.surefire.booter.ForkedBooter.main(ForkedBooter.java:495) [surefire-booter-3.1.0.jar:3.1.0]
2025-10-16 10:48:04.777 [main] INFO  com.deliveryplatform.models.Order - Order created: orderId=ORD-73FC7749, customerId=CUST-001, restaurantId=REST-001, amount=15.99
2025-10-16 10:48:04.777 [main] INFO  com.deliveryplatform.services.RestaurantServiceImpl - 餐廳 REST-001 開始製作訂單 ORD-73FC7749
2025-10-16 10:48:04.778 [main] WARN  com.deliveryplatform.services.RestaurantServiceImpl - 業務異常 - startPreparingOrder: orderId=ORD-73FC7749, restaurantId=REST-001, 錯誤=Cannot transition order ORD-73FC7749 from PENDING to PREPARING: 訂單必須為 ACCEPTED 狀態才能開始製作
2025-10-16 10:48:04.780 [main] INFO  com.deliveryplatform.models.Order - Order created: orderId=ORD-AB7BACAC, customerId=CUST-001, restaurantId=REST-001, amount=15.99
2025-10-16 10:48:04.808 [main] INFO  com.deliveryplatform.services.RestaurantServiceImpl - 餐廳 NONEXISTENT-REST 嘗試接單 ORD-AB7BACAC
2025-10-16 10:48:04.809 [main] WARN  com.deliveryplatform.services.RestaurantServiceImpl - 業務異常 - acceptOrder: orderId=ORD-AB7BACAC, restaurantId=NONEXISTENT-REST, 錯誤=Restaurant NONEXISTENT-REST is currently unavailable: 餐廳不存在
2025-10-16 10:48:04.839 [main] INFO  com.deliveryplatform.models.Order - Order created: orderId=ORD-F566FD45, customerId=CUST-001, restaurantId=REST-001, amount=15.99
2025-10-16 10:48:04.839 [main] INFO  com.deliveryplatform.services.RestaurantServiceImpl - 餐廳 REST-001 嘗試接單 ORD-F566FD45
2025-10-16 10:48:04.840 [main] INFO  com.deliveryplatform.models.Order - Order status transition: orderId=ORD-F566FD45, from=PENDING, to=ACCEPTED
2025-10-16 10:48:04.840 [main] INFO  com.deliveryplatform.services.RestaurantServiceImpl - 餐廳 REST-001 成功接單 ORD-F566FD45
2025-10-16 10:48:04.840 [main] INFO  com.deliveryplatform.services.RestaurantServiceImpl - 餐廳 REST-001 開始製作訂單 ORD-F566FD45
2025-10-16 10:48:04.840 [main] INFO  com.deliveryplatform.models.Order - Order status transition: orderId=ORD-F566FD45, from=ACCEPTED, to=PREPARING
2025-10-16 10:48:04.840 [main] INFO  com.deliveryplatform.services.RestaurantServiceImpl - 餐廳 REST-001 成功開始製作訂單 ORD-F566FD45
2025-10-16 10:48:04.844 [main] INFO  com.deliveryplatform.models.Order - Order created: orderId=ORD-57C863EE, customerId=CUST-001, restaurantId=REST-001, amount=15.99
2025-10-16 10:48:04.884 [main] INFO  com.deliveryplatform.services.RestaurantServiceImpl - 餐廳 WRONG-REST 嘗試接單 ORD-57C863EE
2025-10-16 10:48:04.886 [main] WARN  com.deliveryplatform.services.RestaurantServiceImpl - 業務異常 - acceptOrder: orderId=ORD-57C863EE, restaurantId=WRONG-REST, 錯誤=Restaurant WRONG-REST is currently unavailable: 餐廳不存在
2025-10-16 10:48:04.997 [main] INFO  com.deliveryplatform.models.Order - Order created: orderId=ORD-280E4D5E, customerId=CUST-001, restaurantId=REST-001, amount=15.99
2025-10-16 10:48:04.997 [main] INFO  com.deliveryplatform.services.RestaurantServiceImpl - 餐廳 REST-001 拒絕訂單 ORD-280E4D5E - 原因: 餐廳太忙
2025-10-16 10:48:04.997 [main] INFO  com.deliveryplatform.models.Order - Order status transition: orderId=ORD-280E4D5E, from=PENDING, to=REJECTED
2025-10-16 10:48:04.997 [main] INFO  com.deliveryplatform.services.RestaurantServiceImpl - 餐廳 REST-001 成功拒絕訂單 ORD-280E4D5E - 原因: 餐廳太忙
2025-10-16 10:48:05.162 [main] INFO  com.deliveryplatform.models.Order - Order created: orderId=ORD-6A202764, customerId=CUST-001, restaurantId=REST-001, amount=15.99
2025-10-16 10:48:05.162 [main] INFO  com.deliveryplatform.services.RestaurantServiceImpl - 餐廳 REST-001 嘗試接單 ORD-6A202764
2025-10-16 10:48:05.168 [main] INFO  com.deliveryplatform.models.Order - Order status transition: orderId=ORD-6A202764, from=PENDING, to=ACCEPTED
2025-10-16 10:48:05.168 [main] INFO  com.deliveryplatform.services.RestaurantServiceImpl - 餐廳 REST-001 成功接單 ORD-6A202764
2025-10-16 10:48:05.168 [main] INFO  com.deliveryplatform.services.RestaurantServiceImpl - 餐廳 REST-001 開始製作訂單 ORD-6A202764
2025-10-16 10:48:05.168 [main] INFO  com.deliveryplatform.models.Order - Order status transition: orderId=ORD-6A202764, from=ACCEPTED, to=PREPARING
2025-10-16 10:48:05.169 [main] INFO  com.deliveryplatform.services.RestaurantServiceImpl - 餐廳 REST-001 成功開始製作訂單 ORD-6A202764
2025-10-16 10:48:05.169 [main] INFO  com.deliveryplatform.services.RestaurantServiceImpl - 餐廳 REST-001 標記訂單 ORD-6A202764 完成製作
2025-10-16 10:48:05.169 [main] INFO  com.deliveryplatform.models.Order - Order status transition: orderId=ORD-6A202764, from=PREPARING, to=READY_FOR_DELIVERY
2025-10-16 10:48:05.170 [main] INFO  com.deliveryplatform.services.RestaurantServiceImpl - 餐廳 REST-001 成功標記訂單 ORD-6A202764 完成製作
2025-10-16 10:48:05.206 [main] INFO  com.deliveryplatform.models.Order - Order created: orderId=ORD-6C79A9DD, customerId=CUST-001, restaurantId=REST-001, amount=15.99
2025-10-16 10:48:05.208 [main] INFO  com.deliveryplatform.services.RestaurantServiceImpl - 餐廳 REST-001 嘗試接單 ORD-6C79A9DD
2025-10-16 10:48:05.208 [main] INFO  com.deliveryplatform.models.Order - Order status transition: orderId=ORD-6C79A9DD, from=PENDING, to=ACCEPTED
2025-10-16 10:48:05.208 [main] INFO  com.deliveryplatform.services.RestaurantServiceImpl - 餐廳 REST-001 成功接單 ORD-6C79A9DD
2025-10-16 10:48:18.200 [main] INFO  com.deliveryplatform.demo.CoreRequirementsDemo - === 美食外送伺服端功能演示開始 ===
2025-10-16 10:48:18.202 [main] INFO  com.deliveryplatform.demo.CoreRequirementsDemo - 初始化服務組件...
2025-10-16 10:48:18.209 [main] INFO  com.deliveryplatform.services.DeliveryService - Driver added to available pool: driverId=DRIVER-001
2025-10-16 10:48:18.209 [main] INFO  com.deliveryplatform.services.DeliveryService - Driver added to available pool: driverId=DRIVER-002
2025-10-16 10:48:18.209 [main] INFO  com.deliveryplatform.services.DeliveryService - Driver added to available pool: driverId=DRIVER-003
2025-10-16 10:48:18.209 [main] INFO  com.deliveryplatform.services.DeliveryService - Driver added to available pool: driverId=DRIVER-004
2025-10-16 10:48:18.210 [main] INFO  com.deliveryplatform.services.DeliveryService - Driver added to available pool: driverId=DRIVER-005
2025-10-16 10:48:18.210 [main] INFO  com.deliveryplatform.demo.CoreRequirementsDemo - 服務組件初始化完成
2025-10-16 10:48:18.210 [main] INFO  com.deliveryplatform.demo.CoreRequirementsDemo - === 1. 演示顧客訂單功能 ===
2025-10-16 10:48:18.224 [main] INFO  com.deliveryplatform.services.OrderService - Creating order: customerId=CUST-001, restaurantId=REST-001, itemCount=2
2025-10-16 10:48:18.250 [main] INFO  com.deliveryplatform.models.Order - Order created: orderId=ORD-36578B08, customerId=CUST-001, restaurantId=REST-001, amount=41.30
2025-10-16 10:48:18.250 [main] INFO  com.deliveryplatform.services.OrderService - Order created successfully: orderId=ORD-36578B08, amount=41.30
2025-10-16 10:48:18.250 [main] INFO  com.deliveryplatform.demo.CoreRequirementsDemo - 顧客訂單建立成功: orderId=ORD-36578B08, status=PENDING, amount=$41.30
2025-10-16 10:48:18.250 [main] INFO  com.deliveryplatform.demo.CoreRequirementsDemo - 目前訂單狀態: PENDING
2025-10-16 10:48:18.251 [main] INFO  com.deliveryplatform.demo.CoreRequirementsDemo - 可轉換到的狀態: [REJECTED, CANCELLED, ACCEPTED]
2025-10-16 10:48:18.251 [main] INFO  com.deliveryplatform.demo.CoreRequirementsDemo - === 2. 演示餐廳 acceptOrder() 功能 ===
2025-10-16 10:48:18.251 [main] INFO  com.deliveryplatform.services.OrderService - Creating order: customerId=CUST-002, restaurantId=REST-001, itemCount=1
2025-10-16 10:48:18.251 [main] INFO  com.deliveryplatform.models.Order - Order created: orderId=ORD-CB0D2234, customerId=CUST-002, restaurantId=REST-001, amount=21.90
2025-10-16 10:48:18.251 [main] INFO  com.deliveryplatform.services.OrderService - Order created successfully: orderId=ORD-CB0D2234, amount=21.90
2025-10-16 10:48:18.251 [main] INFO  com.deliveryplatform.services.RestaurantServiceImpl - 餐廳 REST-001 嘗試接單 ORD-CB0D2234
2025-10-16 10:48:18.252 [main] INFO  com.deliveryplatform.models.Order - Order status transition: orderId=ORD-CB0D2234, from=PENDING, to=ACCEPTED
2025-10-16 10:48:18.252 [main] INFO  com.deliveryplatform.services.RestaurantServiceImpl - 餐廳 REST-001 成功接單 ORD-CB0D2234
2025-10-16 10:48:18.253 [main] INFO  com.deliveryplatform.demo.CoreRequirementsDemo - 餐廳成功接單: orderId=ORD-CB0D2234, restaurantId=REST-001
2025-10-16 10:48:18.253 [main] INFO  com.deliveryplatform.demo.CoreRequirementsDemo - 訂單狀態已更新: PENDING → ACCEPTED
2025-10-16 10:48:18.253 [main] INFO  com.deliveryplatform.demo.CoreRequirementsDemo - === 3. 演示外送員接單功能 ===
2025-10-16 10:48:18.253 [main] INFO  com.deliveryplatform.services.OrderService - Creating order: customerId=CUST-003, restaurantId=REST-001, itemCount=1
2025-10-16 10:48:18.253 [main] INFO  com.deliveryplatform.models.Order - Order created: orderId=ORD-2CCBC6CF, customerId=CUST-003, restaurantId=REST-001, amount=16.50
2025-10-16 10:48:18.253 [main] INFO  com.deliveryplatform.services.OrderService - Order created successfully: orderId=ORD-2CCBC6CF, amount=16.50
2025-10-16 10:48:18.253 [main] INFO  com.deliveryplatform.services.RestaurantServiceImpl - 餐廳 REST-001 嘗試接單 ORD-2CCBC6CF
2025-10-16 10:48:18.253 [main] INFO  com.deliveryplatform.models.Order - Order status transition: orderId=ORD-2CCBC6CF, from=PENDING, to=ACCEPTED
2025-10-16 10:48:18.254 [main] INFO  com.deliveryplatform.services.RestaurantServiceImpl - 餐廳 REST-001 成功接單 ORD-2CCBC6CF
2025-10-16 10:48:18.254 [main] INFO  com.deliveryplatform.services.RestaurantServiceImpl - 餐廳 REST-001 開始製作訂單 ORD-2CCBC6CF
2025-10-16 10:48:18.254 [main] INFO  com.deliveryplatform.models.Order - Order status transition: orderId=ORD-2CCBC6CF, from=ACCEPTED, to=PREPARING
2025-10-16 10:48:18.254 [main] INFO  com.deliveryplatform.services.RestaurantServiceImpl - 餐廳 REST-001 成功開始製作訂單 ORD-2CCBC6CF
2025-10-16 10:48:18.254 [main] INFO  com.deliveryplatform.services.RestaurantServiceImpl - 餐廳 REST-001 標記訂單 ORD-2CCBC6CF 完成製作
2025-10-16 10:48:18.254 [main] INFO  com.deliveryplatform.models.Order - Order status transition: orderId=ORD-2CCBC6CF, from=PREPARING, to=READY_FOR_DELIVERY
2025-10-16 10:48:18.254 [main] INFO  com.deliveryplatform.services.RestaurantServiceImpl - 餐廳 REST-001 成功標記訂單 ORD-2CCBC6CF 完成製作
2025-10-16 10:48:18.254 [main] INFO  com.deliveryplatform.services.DeliveryService - Driver added to available pool: driverId=DRIVER-001
2025-10-16 10:48:18.254 [main] INFO  com.deliveryplatform.services.DeliveryService - Attempting to assign driver for order: ORD-2CCBC6CF
2025-10-16 10:48:18.255 [main] INFO  com.deliveryplatform.models.Order - Driver DRIVER-005 assigned to order ORD-2CCBC6CF
2025-10-16 10:48:18.255 [main] INFO  com.deliveryplatform.models.Order - Order status transition: orderId=ORD-2CCBC6CF, from=READY_FOR_DELIVERY, to=IN_DELIVERY
2025-10-16 10:48:18.255 [main] INFO  com.deliveryplatform.services.DeliveryService - Driver assigned successfully: orderId=ORD-2CCBC6CF, driverId=DRIVER-005
2025-10-16 10:48:18.255 [main] INFO  com.deliveryplatform.demo.CoreRequirementsDemo - 外送員成功接單: orderId=ORD-2CCBC6CF, driverId=DRIVER-005
2025-10-16 10:48:18.255 [main] INFO  com.deliveryplatform.services.DeliveryService - Completing delivery: orderId=ORD-2CCBC6CF, driverId=DRIVER-005
2025-10-16 10:48:18.256 [main] INFO  com.deliveryplatform.models.Order - Order status transition: orderId=ORD-2CCBC6CF, from=IN_DELIVERY, to=DELIVERED
2025-10-16 10:48:18.256 [main] INFO  com.deliveryplatform.services.DeliveryService - Delivery completed successfully: orderId=ORD-2CCBC6CF, driverId=DRIVER-005
2025-10-16 10:48:18.256 [main] INFO  com.deliveryplatform.demo.CoreRequirementsDemo - 訂單完整生命週期: PENDING → ACCEPTED → PREPARING → READY_FOR_DELIVERY → IN_DELIVERY → DELIVERED
2025-10-16 10:48:18.256 [main] INFO  com.deliveryplatform.demo.CoreRequirementsDemo - === 4. 演示各種例外處理 ===
2025-10-16 10:48:18.256 [main] INFO  com.deliveryplatform.demo.CoreRequirementsDemo - 4.1 測試 OrderValidationException (Checked Exception)
2025-10-16 10:48:18.256 [main] INFO  com.deliveryplatform.services.OrderService - Creating order: customerId=null, restaurantId=, itemCount=0
2025-10-16 10:48:18.256 [main] WARN  com.deliveryplatform.services.OrderService - Order validation failed: customerId=null, restaurantId=, errors=[Customer ID is required, Restaurant ID is required, Delivery address is required, Order must have at least one item]
2025-10-16 10:48:18.257 [main] WARN  com.deliveryplatform.demo.CoreRequirementsDemo - 捕獲 OrderValidationException: errorCode=ORDER_VALIDATION_FAILED, errorCount=4
2025-10-16 10:48:18.257 [main] WARN  com.deliveryplatform.demo.CoreRequirementsDemo - 驗證錯誤詳情: [Customer ID is required, Restaurant ID is required, Delivery address is required, Order must have at least one item]
2025-10-16 10:48:18.257 [main] INFO  com.deliveryplatform.demo.CoreRequirementsDemo - 4.2 測試 RestaurantUnavailableException (Checked Exception)
2025-10-16 10:48:18.257 [main] INFO  com.deliveryplatform.services.RestaurantServiceImpl - 餐廳 REST-002 嘗試接單 FAKE-ORDER
2025-10-16 10:48:18.257 [main] WARN  com.deliveryplatform.services.RestaurantServiceImpl - 業務異常 - acceptOrder: orderId=FAKE-ORDER, restaurantId=REST-002, 錯誤=Restaurant REST-002 is currently unavailable: 餐廳已關閉
2025-10-16 10:48:18.257 [main] WARN  com.deliveryplatform.demo.CoreRequirementsDemo - 捕獲 RestaurantUnavailableException: restaurantId=REST-002, errorCode=RESTAURANT_UNAVAILABLE
2025-10-16 10:48:18.257 [main] INFO  com.deliveryplatform.demo.CoreRequirementsDemo - 4.3 測試 InvalidOrderStateException (Checked Exception)
2025-10-16 10:48:18.257 [main] INFO  com.deliveryplatform.services.RestaurantServiceImpl - 餐廳 REST-001 開始製作訂單 NONEXISTENT-ORDER
2025-10-16 10:48:18.258 [main] ERROR com.deliveryplatform.services.RestaurantServiceImpl - 系統異常 - startPreparingOrder: orderId=NONEXISTENT-ORDER, restaurantId=REST-001
java.lang.IllegalArgumentException: 訂單不存在: NONEXISTENT-ORDER
	at com.deliveryplatform.services.RestaurantServiceImpl.lambda$getOrderAndValidateOwnership$0(RestaurantServiceImpl.java:246) ~[classes/:?]
	at java.util.Optional.orElseThrow(Optional.java:403) ~[?:?]
	at com.deliveryplatform.services.RestaurantServiceImpl.getOrderAndValidateOwnership(RestaurantServiceImpl.java:246) ~[classes/:?]
	at com.deliveryplatform.services.RestaurantServiceImpl.validateOrderForPreparation(RestaurantServiceImpl.java:221) ~[classes/:?]
	at com.deliveryplatform.services.RestaurantServiceImpl.startPreparingOrder(RestaurantServiceImpl.java:126) [classes/:?]
	at com.deliveryplatform.demo.CoreRequirementsDemo.demonstrateExceptionHandling(CoreRequirementsDemo.java:261) [classes/:?]
	at com.deliveryplatform.demo.CoreRequirementsDemo.main(CoreRequirementsDemo.java:49) [classes/:?]
2025-10-16 10:48:18.263 [main] ERROR com.deliveryplatform.demo.CoreRequirementsDemo - 其他系統錯誤
java.lang.RuntimeException: 開始製作失敗：系統錯誤
	at com.deliveryplatform.services.RestaurantServiceImpl.startPreparingOrder(RestaurantServiceImpl.java:138) ~[classes/:?]
	at com.deliveryplatform.demo.CoreRequirementsDemo.demonstrateExceptionHandling(CoreRequirementsDemo.java:261) [classes/:?]
	at com.deliveryplatform.demo.CoreRequirementsDemo.main(CoreRequirementsDemo.java:49) [classes/:?]
Caused by: java.lang.IllegalArgumentException: 訂單不存在: NONEXISTENT-ORDER
	at com.deliveryplatform.services.RestaurantServiceImpl.lambda$getOrderAndValidateOwnership$0(RestaurantServiceImpl.java:246) ~[classes/:?]
	at java.util.Optional.orElseThrow(Optional.java:403) ~[?:?]
	at com.deliveryplatform.services.RestaurantServiceImpl.getOrderAndValidateOwnership(RestaurantServiceImpl.java:246) ~[classes/:?]
	at com.deliveryplatform.services.RestaurantServiceImpl.validateOrderForPreparation(RestaurantServiceImpl.java:221) ~[classes/:?]
	at com.deliveryplatform.services.RestaurantServiceImpl.startPreparingOrder(RestaurantServiceImpl.java:126) ~[classes/:?]
	... 2 more
2025-10-16 10:48:18.263 [main] INFO  com.deliveryplatform.demo.CoreRequirementsDemo - 4.4 測試 DeliveryAssignmentException (Checked Exception)
2025-10-16 10:48:18.264 [main] INFO  com.deliveryplatform.services.DeliveryService - Driver removed from available pool: driverId=DRIVER-001
2025-10-16 10:48:18.264 [main] INFO  com.deliveryplatform.services.DeliveryService - Driver removed from available pool: driverId=DRIVER-002
2025-10-16 10:48:18.264 [main] INFO  com.deliveryplatform.services.DeliveryService - Driver removed from available pool: driverId=DRIVER-003
2025-10-16 10:48:18.264 [main] INFO  com.deliveryplatform.services.DeliveryService - Driver removed from available pool: driverId=DRIVER-004
2025-10-16 10:48:18.264 [main] INFO  com.deliveryplatform.services.DeliveryService - Driver removed from available pool: driverId=DRIVER-005
2025-10-16 10:48:18.264 [main] INFO  com.deliveryplatform.services.DeliveryService - Attempting to assign driver for order: FAKE-ORDER
2025-10-16 10:48:18.264 [main] WARN  com.deliveryplatform.services.DeliveryService - Business exception in assignDriver: orderId=FAKE-ORDER, error=Cannot transition order FAKE-ORDER from null to IN_DELIVERY: Order must be ready for delivery to assign a driver
2025-10-16 10:48:18.264 [main] ERROR com.deliveryplatform.demo.CoreRequirementsDemo - 其他系統錯誤
com.deliveryplatform.exceptions.InvalidOrderStateException: Cannot transition order FAKE-ORDER from null to IN_DELIVERY: Order must be ready for delivery to assign a driver
	at com.deliveryplatform.services.DeliveryService.lambda$getOrderAndValidateForDelivery$1(DeliveryService.java:146) ~[classes/:?]
	at java.util.Optional.orElseThrow(Optional.java:403) ~[?:?]
	at com.deliveryplatform.services.DeliveryService.getOrderAndValidateForDelivery(DeliveryService.java:146) ~[classes/:?]
	at com.deliveryplatform.services.DeliveryService.assignDriver(DeliveryService.java:42) ~[classes/:?]
	at com.deliveryplatform.demo.CoreRequirementsDemo.demonstrateExceptionHandling(CoreRequirementsDemo.java:282) [classes/:?]
	at com.deliveryplatform.demo.CoreRequirementsDemo.main(CoreRequirementsDemo.java:49) [classes/:?]
2025-10-16 10:48:18.265 [main] INFO  com.deliveryplatform.demo.CoreRequirementsDemo - 4.5 模擬 Unchecked Exception (程式碼邏輯錯誤)
2025-10-16 10:48:18.265 [main] ERROR com.deliveryplatform.demo.CoreRequirementsDemo - 捕獲 NullPointerException (Unchecked Exception): 程式碼邏輯錯誤
java.lang.NullPointerException: Cannot invoke "String.length()" because "nullString" is null
	at com.deliveryplatform.demo.CoreRequirementsDemo.demonstrateExceptionHandling(CoreRequirementsDemo.java:295) [classes/:?]
	at com.deliveryplatform.demo.CoreRequirementsDemo.main(CoreRequirementsDemo.java:49) [classes/:?]
2025-10-16 10:48:18.265 [main] INFO  com.deliveryplatform.demo.CoreRequirementsDemo - === 5. 演示 Log4j2 日誌級別 ===
2025-10-16 10:48:18.265 [main] INFO  com.deliveryplatform.demo.CoreRequirementsDemo - INFO 級別: 記錄正常的業務操作流程
2025-10-16 10:48:18.265 [main] INFO  com.deliveryplatform.demo.CoreRequirementsDemo - INFO 級別: 用戶登入 userId=USER-123
2025-10-16 10:48:18.266 [main] INFO  com.deliveryplatform.demo.CoreRequirementsDemo - INFO 級別: 訂單狀態更新 orderId=ORDER-456, newStatus=DELIVERED
2025-10-16 10:48:18.266 [main] WARN  com.deliveryplatform.demo.CoreRequirementsDemo - WARN 級別: 記錄業務邏輯錯誤 (Checked Exception)
2025-10-16 10:48:18.266 [main] WARN  com.deliveryplatform.demo.CoreRequirementsDemo - WARN 級別: 餐廳容量已滿 restaurantId=REST-001, currentOrders=10
2025-10-16 10:48:18.266 [main] WARN  com.deliveryplatform.demo.CoreRequirementsDemo - WARN 級別: 訂單驗證失敗 orderId=ORDER-789, reason=無效的地址格式
2025-10-16 10:48:18.266 [main] ERROR com.deliveryplatform.demo.CoreRequirementsDemo - ERROR 級別: 記錄系統錯誤 (Unchecked Exception)
2025-10-16 10:48:18.266 [main] ERROR com.deliveryplatform.demo.CoreRequirementsDemo - ERROR 級別: 資料庫連線失敗
2025-10-16 10:48:18.266 [main] ERROR com.deliveryplatform.demo.CoreRequirementsDemo - ERROR 級別: 外部 API 呼叫超時 service=PaymentService, timeout=5000ms
2025-10-16 10:48:18.266 [main] INFO  com.deliveryplatform.demo.CoreRequirementsDemo - 日誌級別使用原則總結:
2025-10-16 10:48:18.266 [main] INFO  com.deliveryplatform.demo.CoreRequirementsDemo - - INFO: 記錄正常業務操作，用於追蹤系統執行流程
2025-10-16 10:48:18.266 [main] INFO  com.deliveryplatform.demo.CoreRequirementsDemo - - WARN: 記錄 Checked Exception (業務邏輯錯誤)，需要關注但不影響系統運行
2025-10-16 10:48:18.266 [main] INFO  com.deliveryplatform.demo.CoreRequirementsDemo - - ERROR: 記錄 Unchecked Exception (程式碼邏輯或環境錯誤)，嚴重問題需要立即處理
2025-10-16 10:48:18.266 [main] INFO  com.deliveryplatform.demo.CoreRequirementsDemo - 透過這些日誌，我們可以發現後端執行過程中發生的各種問題！
2025-10-16 10:48:18.266 [main] INFO  com.deliveryplatform.demo.CoreRequirementsDemo - === 美食外送伺服端功能演示結束 ===
2025-10-16 10:48:37.503 [main] INFO  com.deliveryplatform.models.Order - Order created: orderId=ORD-DDE85FEB, customerId=CUST-001, restaurantId=REST-001, amount=34.48
2025-10-16 10:48:37.506 [main] INFO  com.deliveryplatform.models.Order - Order status transition: orderId=ORD-DDE85FEB, from=PENDING, to=ACCEPTED
2025-10-16 10:48:37.512 [main] INFO  com.deliveryplatform.models.Order - Order created: orderId=ORD-81A826A6, customerId=CUST-001, restaurantId=REST-001, amount=34.48
2025-10-16 10:48:37.515 [main] INFO  com.deliveryplatform.models.Order - Order created: orderId=ORD-BA58D385, customerId=CUST-001, restaurantId=REST-001, amount=34.48
2025-10-16 10:48:37.516 [main] INFO  com.deliveryplatform.models.Order - Order created: orderId=ORD-4CCEA464, customerId=CUST-001, restaurantId=REST-001, amount=34.48
2025-10-16 10:48:37.518 [main] INFO  com.deliveryplatform.models.Order - Order created: orderId=ORD-C1B64A6C, customerId=CUST-001, restaurantId=REST-001, amount=34.48
2025-10-16 10:48:37.520 [main] INFO  com.deliveryplatform.models.Order - Order created: orderId=ORD-DA68F6DA, customerId=CUST-001, restaurantId=REST-001, amount=34.48
2025-10-16 10:48:37.520 [main] INFO  com.deliveryplatform.models.Order - Order status transition: orderId=ORD-DA68F6DA, from=PENDING, to=ACCEPTED
2025-10-16 10:48:37.520 [main] INFO  com.deliveryplatform.models.Order - Order status transition: orderId=ORD-DA68F6DA, from=ACCEPTED, to=PREPARING
2025-10-16 10:48:37.521 [main] INFO  com.deliveryplatform.models.Order - Order status transition: orderId=ORD-DA68F6DA, from=PREPARING, to=READY_FOR_DELIVERY
2025-10-16 10:48:37.521 [main] INFO  com.deliveryplatform.models.Order - Order status transition: orderId=ORD-DA68F6DA, from=READY_FOR_DELIVERY, to=IN_DELIVERY
2025-10-16 10:48:37.521 [main] INFO  com.deliveryplatform.models.Order - Order status transition: orderId=ORD-DA68F6DA, from=IN_DELIVERY, to=DELIVERED
2025-10-16 10:48:37.522 [main] INFO  com.deliveryplatform.models.Order - Order created: orderId=ORD-08AD4A61, customerId=CUST-002, restaurantId=REST-001, amount=34.48
2025-10-16 10:48:37.522 [main] INFO  com.deliveryplatform.models.Order - Order status transition: orderId=ORD-08AD4A61, from=PENDING, to=REJECTED
2025-10-16 10:48:37.524 [main] INFO  com.deliveryplatform.models.Order - Order created: orderId=ORD-B90B9A96, customerId=CUST-001, restaurantId=REST-001, amount=34.48
2025-10-16 10:48:37.524 [main] INFO  com.deliveryplatform.models.Order - Order status transition: orderId=ORD-B90B9A96, from=PENDING, to=REJECTED
2025-10-16 10:48:37.526 [main] INFO  com.deliveryplatform.models.Order - Order created: orderId=ORD-875E3B9F, customerId=CUST-001, restaurantId=REST-001, amount=34.48
2025-10-16 10:48:37.528 [main] INFO  com.deliveryplatform.models.Order - Order created: orderId=ORD-86404FF5, customerId=CUST-001, restaurantId=REST-001, amount=34.48
2025-10-16 10:48:37.529 [main] INFO  com.deliveryplatform.models.Order - Order created: orderId=ORD-B740509E, customerId=CUST-002, restaurantId=REST-001, amount=34.48
2025-10-16 10:48:37.531 [main] INFO  com.deliveryplatform.models.Order - Order created: orderId=ORD-46D8CC9C, customerId=CUST-001, restaurantId=REST-001, amount=34.48
2025-10-16 10:48:37.533 [main] INFO  com.deliveryplatform.models.Order - Order created: orderId=ORD-2358DF64, customerId=CUST-001, restaurantId=REST-001, amount=34.48
2025-10-16 10:48:37.535 [main] INFO  com.deliveryplatform.models.Order - Order created: orderId=ORD-A519E2FB, customerId=CUST-001, restaurantId=REST-001, amount=34.48
2025-10-16 10:48:37.536 [main] INFO  com.deliveryplatform.models.Order - Order status transition: orderId=ORD-A519E2FB, from=PENDING, to=ACCEPTED
2025-10-16 10:48:37.536 [main] INFO  com.deliveryplatform.models.Order - Order status transition: orderId=ORD-A519E2FB, from=ACCEPTED, to=PREPARING
2025-10-16 10:48:37.536 [main] INFO  com.deliveryplatform.models.Order - Order status transition: orderId=ORD-A519E2FB, from=PREPARING, to=READY_FOR_DELIVERY
2025-10-16 10:48:37.536 [main] INFO  com.deliveryplatform.models.Order - Order status transition: orderId=ORD-A519E2FB, from=READY_FOR_DELIVERY, to=IN_DELIVERY
2025-10-16 10:48:37.536 [main] INFO  com.deliveryplatform.models.Order - Order status transition: orderId=ORD-A519E2FB, from=IN_DELIVERY, to=DELIVERED
2025-10-16 10:48:37.538 [main] INFO  com.deliveryplatform.models.Order - Order created: orderId=ORD-3B2667A1, customerId=CUST-001, restaurantId=REST-001, amount=34.48
2025-10-16 10:48:37.540 [main] INFO  com.deliveryplatform.models.Order - Order created: orderId=ORD-FB7C3552, customerId=CUST-001, restaurantId=REST-001, amount=34.48
2025-10-16 10:48:37.541 [main] INFO  com.deliveryplatform.models.Order - Order status transition: orderId=ORD-FB7C3552, from=PENDING, to=CANCELLED
2025-10-16 10:52:57.500 [main] INFO  com.deliveryplatform.services.OrderService - Creating order: customerId=CUST-001, restaurantId=REST-001, itemCount=2
2025-10-16 10:52:57.531 [main] INFO  com.deliveryplatform.models.Order - Order created: orderId=ORD-CD9FB2CD, customerId=CUST-001, restaurantId=REST-001, amount=21.97
2025-10-16 10:52:57.531 [main] INFO  com.deliveryplatform.services.OrderService - Order created successfully: orderId=ORD-CD9FB2CD, amount=21.97
2025-10-16 10:52:57.532 [main] INFO  com.deliveryplatform.services.RestaurantServiceImpl - 餐廳 REST-001 嘗試接單 ORD-CD9FB2CD
2025-10-16 10:52:57.533 [main] WARN  com.deliveryplatform.services.RestaurantServiceImpl - 業務異常 - acceptOrder: orderId=ORD-CD9FB2CD, restaurantId=REST-001, 錯誤=Restaurant REST-001 is currently unavailable: 餐廳已關閉
2025-10-16 10:52:57.533 [main] WARN  com.deliveryplatform.controllers.GlobalExceptionHandler - Restaurant unavailable: restaurantId=REST-001, reason=Restaurant REST-001 is currently unavailable: 餐廳已關閉
2025-10-16 10:53:32.029 [main] INFO  com.deliveryplatform.demo.CoreRequirementsDemo - === 美食外送伺服端功能演示開始 ===
2025-10-16 10:53:32.032 [main] INFO  com.deliveryplatform.demo.CoreRequirementsDemo - 初始化服務組件...
2025-10-16 10:53:32.043 [main] INFO  com.deliveryplatform.services.DeliveryService - Driver added to available pool: driverId=DRIVER-001
2025-10-16 10:53:32.043 [main] INFO  com.deliveryplatform.services.DeliveryService - Driver added to available pool: driverId=DRIVER-002
2025-10-16 10:53:32.044 [main] INFO  com.deliveryplatform.services.DeliveryService - Driver added to available pool: driverId=DRIVER-003
2025-10-16 10:53:32.044 [main] INFO  com.deliveryplatform.services.DeliveryService - Driver added to available pool: driverId=DRIVER-004
2025-10-16 10:53:32.044 [main] INFO  com.deliveryplatform.services.DeliveryService - Driver added to available pool: driverId=DRIVER-005
2025-10-16 10:53:32.045 [main] INFO  com.deliveryplatform.demo.CoreRequirementsDemo - 服務組件初始化完成
2025-10-16 10:53:32.045 [main] INFO  com.deliveryplatform.demo.CoreRequirementsDemo - === 1. 演示顧客訂單功能 ===
2025-10-16 10:53:32.071 [main] INFO  com.deliveryplatform.services.OrderService - Creating order: customerId=CUST-001, restaurantId=REST-001, itemCount=2
2025-10-16 10:53:32.112 [main] INFO  com.deliveryplatform.models.Order - Order created: orderId=ORD-9B2FC83A, customerId=CUST-001, restaurantId=REST-001, amount=41.30
2025-10-16 10:53:32.112 [main] INFO  com.deliveryplatform.services.OrderService - Order created successfully: orderId=ORD-9B2FC83A, amount=41.30
2025-10-16 10:53:32.113 [main] INFO  com.deliveryplatform.demo.CoreRequirementsDemo - 顧客訂單建立成功: orderId=ORD-9B2FC83A, status=PENDING, amount=$41.30
2025-10-16 10:53:32.113 [main] INFO  com.deliveryplatform.demo.CoreRequirementsDemo - 目前訂單狀態: PENDING
2025-10-16 10:53:32.113 [main] INFO  com.deliveryplatform.demo.CoreRequirementsDemo - 可轉換到的狀態: [ACCEPTED, REJECTED, CANCELLED]
2025-10-16 10:53:32.113 [main] INFO  com.deliveryplatform.demo.CoreRequirementsDemo - === 2. 演示餐廳 acceptOrder() 功能 ===
2025-10-16 10:53:32.114 [main] INFO  com.deliveryplatform.services.OrderService - Creating order: customerId=CUST-002, restaurantId=REST-001, itemCount=1
2025-10-16 10:53:32.114 [main] INFO  com.deliveryplatform.models.Order - Order created: orderId=ORD-8C219E63, customerId=CUST-002, restaurantId=REST-001, amount=21.90
2025-10-16 10:53:32.114 [main] INFO  com.deliveryplatform.services.OrderService - Order created successfully: orderId=ORD-8C219E63, amount=21.90
2025-10-16 10:53:32.114 [main] INFO  com.deliveryplatform.services.RestaurantServiceImpl - 餐廳 REST-001 嘗試接單 ORD-8C219E63
2025-10-16 10:53:32.116 [main] INFO  com.deliveryplatform.models.Order - Order status transition: orderId=ORD-8C219E63, from=PENDING, to=ACCEPTED
2025-10-16 10:53:32.116 [main] INFO  com.deliveryplatform.services.RestaurantServiceImpl - 餐廳 REST-001 成功接單 ORD-8C219E63
2025-10-16 10:53:32.116 [main] INFO  com.deliveryplatform.demo.CoreRequirementsDemo - 餐廳成功接單: orderId=ORD-8C219E63, restaurantId=REST-001
2025-10-16 10:53:32.116 [main] INFO  com.deliveryplatform.demo.CoreRequirementsDemo - 訂單狀態已更新: PENDING → ACCEPTED
2025-10-16 10:53:32.116 [main] INFO  com.deliveryplatform.demo.CoreRequirementsDemo - === 3. 演示外送員接單功能 ===
2025-10-16 10:53:32.117 [main] INFO  com.deliveryplatform.services.OrderService - Creating order: customerId=CUST-003, restaurantId=REST-001, itemCount=1
2025-10-16 10:53:32.117 [main] INFO  com.deliveryplatform.models.Order - Order created: orderId=ORD-0555AA8B, customerId=CUST-003, restaurantId=REST-001, amount=16.50
2025-10-16 10:53:32.117 [main] INFO  com.deliveryplatform.services.OrderService - Order created successfully: orderId=ORD-0555AA8B, amount=16.50
2025-10-16 10:53:32.117 [main] INFO  com.deliveryplatform.services.RestaurantServiceImpl - 餐廳 REST-001 嘗試接單 ORD-0555AA8B
2025-10-16 10:53:32.118 [main] INFO  com.deliveryplatform.models.Order - Order status transition: orderId=ORD-0555AA8B, from=PENDING, to=ACCEPTED
2025-10-16 10:53:32.118 [main] INFO  com.deliveryplatform.services.RestaurantServiceImpl - 餐廳 REST-001 成功接單 ORD-0555AA8B
2025-10-16 10:53:32.118 [main] INFO  com.deliveryplatform.services.RestaurantServiceImpl - 餐廳 REST-001 開始製作訂單 ORD-0555AA8B
2025-10-16 10:53:32.118 [main] INFO  com.deliveryplatform.models.Order - Order status transition: orderId=ORD-0555AA8B, from=ACCEPTED, to=PREPARING
2025-10-16 10:53:32.118 [main] INFO  com.deliveryplatform.services.RestaurantServiceImpl - 餐廳 REST-001 成功開始製作訂單 ORD-0555AA8B
2025-10-16 10:53:32.118 [main] INFO  com.deliveryplatform.services.RestaurantServiceImpl - 餐廳 REST-001 標記訂單 ORD-0555AA8B 完成製作
2025-10-16 10:53:32.119 [main] INFO  com.deliveryplatform.models.Order - Order status transition: orderId=ORD-0555AA8B, from=PREPARING, to=READY_FOR_DELIVERY
2025-10-16 10:53:32.119 [main] INFO  com.deliveryplatform.services.RestaurantServiceImpl - 餐廳 REST-001 成功標記訂單 ORD-0555AA8B 完成製作
2025-10-16 10:53:32.120 [main] INFO  com.deliveryplatform.services.DeliveryService - Driver added to available pool: driverId=DRIVER-001
2025-10-16 10:53:32.120 [main] INFO  com.deliveryplatform.services.DeliveryService - Attempting to assign driver for order: ORD-0555AA8B
2025-10-16 10:53:32.122 [main] INFO  com.deliveryplatform.models.Order - Driver DRIVER-005 assigned to order ORD-0555AA8B
2025-10-16 10:53:32.122 [main] INFO  com.deliveryplatform.models.Order - Order status transition: orderId=ORD-0555AA8B, from=READY_FOR_DELIVERY, to=IN_DELIVERY
2025-10-16 10:53:32.122 [main] INFO  com.deliveryplatform.services.DeliveryService - Driver assigned successfully: orderId=ORD-0555AA8B, driverId=DRIVER-005
2025-10-16 10:53:32.122 [main] INFO  com.deliveryplatform.demo.CoreRequirementsDemo - 外送員成功接單: orderId=ORD-0555AA8B, driverId=DRIVER-005
2025-10-16 10:53:32.123 [main] INFO  com.deliveryplatform.services.DeliveryService - Completing delivery: orderId=ORD-0555AA8B, driverId=DRIVER-005
2025-10-16 10:53:32.123 [main] INFO  com.deliveryplatform.models.Order - Order status transition: orderId=ORD-0555AA8B, from=IN_DELIVERY, to=DELIVERED
2025-10-16 10:53:32.123 [main] INFO  com.deliveryplatform.services.DeliveryService - Delivery completed successfully: orderId=ORD-0555AA8B, driverId=DRIVER-005
2025-10-16 10:53:32.123 [main] INFO  com.deliveryplatform.demo.CoreRequirementsDemo - 訂單完整生命週期: PENDING → ACCEPTED → PREPARING → READY_FOR_DELIVERY → IN_DELIVERY → DELIVERED
2025-10-16 10:53:32.124 [main] INFO  com.deliveryplatform.demo.CoreRequirementsDemo - === 4. 演示各種例外處理 ===
2025-10-16 10:53:32.124 [main] INFO  com.deliveryplatform.demo.CoreRequirementsDemo - 4.1 測試 OrderValidationException (Checked Exception)
2025-10-16 10:53:32.124 [main] INFO  com.deliveryplatform.services.OrderService - Creating order: customerId=null, restaurantId=, itemCount=0
2025-10-16 10:53:32.124 [main] WARN  com.deliveryplatform.services.OrderService - Order validation failed: customerId=null, restaurantId=, errors=[Customer ID is required, Restaurant ID is required, Delivery address is required, Order must have at least one item]
2025-10-16 10:53:32.125 [main] WARN  com.deliveryplatform.demo.CoreRequirementsDemo - 捕獲 OrderValidationException: errorCode=ORDER_VALIDATION_FAILED, errorCount=4
2025-10-16 10:53:32.125 [main] WARN  com.deliveryplatform.demo.CoreRequirementsDemo - 驗證錯誤詳情: [Customer ID is required, Restaurant ID is required, Delivery address is required, Order must have at least one item]
2025-10-16 10:53:32.125 [main] INFO  com.deliveryplatform.demo.CoreRequirementsDemo - 4.2 測試 RestaurantUnavailableException (Checked Exception)
2025-10-16 10:53:32.125 [main] INFO  com.deliveryplatform.services.RestaurantServiceImpl - 餐廳 REST-002 嘗試接單 FAKE-ORDER
2025-10-16 10:53:32.125 [main] WARN  com.deliveryplatform.services.RestaurantServiceImpl - 業務異常 - acceptOrder: orderId=FAKE-ORDER, restaurantId=REST-002, 錯誤=Restaurant REST-002 is currently unavailable: 餐廳已關閉
2025-10-16 10:53:32.126 [main] WARN  com.deliveryplatform.demo.CoreRequirementsDemo - 捕獲 RestaurantUnavailableException: restaurantId=REST-002, errorCode=RESTAURANT_UNAVAILABLE
2025-10-16 10:53:32.126 [main] INFO  com.deliveryplatform.demo.CoreRequirementsDemo - 4.3 測試 InvalidOrderStateException (Checked Exception)
2025-10-16 10:53:32.126 [main] INFO  com.deliveryplatform.services.RestaurantServiceImpl - 餐廳 REST-001 開始製作訂單 NONEXISTENT-ORDER
2025-10-16 10:53:32.126 [main] ERROR com.deliveryplatform.services.RestaurantServiceImpl - 系統異常 - startPreparingOrder: orderId=NONEXISTENT-ORDER, restaurantId=REST-001
java.lang.IllegalArgumentException: 訂單不存在: NONEXISTENT-ORDER
	at com.deliveryplatform.services.RestaurantServiceImpl.lambda$getOrderAndValidateOwnership$0(RestaurantServiceImpl.java:246) ~[classes/:?]
	at java.util.Optional.orElseThrow(Optional.java:403) ~[?:?]
	at com.deliveryplatform.services.RestaurantServiceImpl.getOrderAndValidateOwnership(RestaurantServiceImpl.java:246) ~[classes/:?]
	at com.deliveryplatform.services.RestaurantServiceImpl.validateOrderForPreparation(RestaurantServiceImpl.java:221) ~[classes/:?]
	at com.deliveryplatform.services.RestaurantServiceImpl.startPreparingOrder(RestaurantServiceImpl.java:126) [classes/:?]
	at com.deliveryplatform.demo.CoreRequirementsDemo.demonstrateExceptionHandling(CoreRequirementsDemo.java:261) [classes/:?]
	at com.deliveryplatform.demo.CoreRequirementsDemo.main(CoreRequirementsDemo.java:49) [classes/:?]
2025-10-16 10:53:32.135 [main] ERROR com.deliveryplatform.demo.CoreRequirementsDemo - 其他系統錯誤
java.lang.RuntimeException: 開始製作失敗：系統錯誤
	at com.deliveryplatform.services.RestaurantServiceImpl.startPreparingOrder(RestaurantServiceImpl.java:138) ~[classes/:?]
	at com.deliveryplatform.demo.CoreRequirementsDemo.demonstrateExceptionHandling(CoreRequirementsDemo.java:261) [classes/:?]
	at com.deliveryplatform.demo.CoreRequirementsDemo.main(CoreRequirementsDemo.java:49) [classes/:?]
Caused by: java.lang.IllegalArgumentException: 訂單不存在: NONEXISTENT-ORDER
	at com.deliveryplatform.services.RestaurantServiceImpl.lambda$getOrderAndValidateOwnership$0(RestaurantServiceImpl.java:246) ~[classes/:?]
	at java.util.Optional.orElseThrow(Optional.java:403) ~[?:?]
	at com.deliveryplatform.services.RestaurantServiceImpl.getOrderAndValidateOwnership(RestaurantServiceImpl.java:246) ~[classes/:?]
	at com.deliveryplatform.services.RestaurantServiceImpl.validateOrderForPreparation(RestaurantServiceImpl.java:221) ~[classes/:?]
	at com.deliveryplatform.services.RestaurantServiceImpl.startPreparingOrder(RestaurantServiceImpl.java:126) ~[classes/:?]
	... 2 more
2025-10-16 10:53:32.136 [main] INFO  com.deliveryplatform.demo.CoreRequirementsDemo - 4.4 測試 DeliveryAssignmentException (Checked Exception)
2025-10-16 10:53:32.136 [main] INFO  com.deliveryplatform.services.DeliveryService - Driver removed from available pool: driverId=DRIVER-001
2025-10-16 10:53:32.137 [main] INFO  com.deliveryplatform.services.DeliveryService - Driver removed from available pool: driverId=DRIVER-002
2025-10-16 10:53:32.137 [main] INFO  com.deliveryplatform.services.DeliveryService - Driver removed from available pool: driverId=DRIVER-003
2025-10-16 10:53:32.137 [main] INFO  com.deliveryplatform.services.DeliveryService - Driver removed from available pool: driverId=DRIVER-004
2025-10-16 10:53:32.137 [main] INFO  com.deliveryplatform.services.DeliveryService - Driver removed from available pool: driverId=DRIVER-005
2025-10-16 10:53:32.137 [main] INFO  com.deliveryplatform.services.DeliveryService - Attempting to assign driver for order: FAKE-ORDER
2025-10-16 10:53:32.137 [main] WARN  com.deliveryplatform.services.DeliveryService - Business exception in assignDriver: orderId=FAKE-ORDER, error=Cannot transition order FAKE-ORDER from null to IN_DELIVERY: Order must be ready for delivery to assign a driver
2025-10-16 10:53:32.138 [main] ERROR com.deliveryplatform.demo.CoreRequirementsDemo - 其他系統錯誤
com.deliveryplatform.exceptions.InvalidOrderStateException: Cannot transition order FAKE-ORDER from null to IN_DELIVERY: Order must be ready for delivery to assign a driver
	at com.deliveryplatform.services.DeliveryService.lambda$getOrderAndValidateForDelivery$1(DeliveryService.java:146) ~[classes/:?]
	at java.util.Optional.orElseThrow(Optional.java:403) ~[?:?]
	at com.deliveryplatform.services.DeliveryService.getOrderAndValidateForDelivery(DeliveryService.java:146) ~[classes/:?]
	at com.deliveryplatform.services.DeliveryService.assignDriver(DeliveryService.java:42) ~[classes/:?]
	at com.deliveryplatform.demo.CoreRequirementsDemo.demonstrateExceptionHandling(CoreRequirementsDemo.java:282) [classes/:?]
	at com.deliveryplatform.demo.CoreRequirementsDemo.main(CoreRequirementsDemo.java:49) [classes/:?]
2025-10-16 10:53:32.138 [main] INFO  com.deliveryplatform.demo.CoreRequirementsDemo - 4.5 模擬 Unchecked Exception (程式碼邏輯錯誤)
2025-10-16 10:53:32.138 [main] ERROR com.deliveryplatform.demo.CoreRequirementsDemo - 捕獲 NullPointerException (Unchecked Exception): 程式碼邏輯錯誤
java.lang.NullPointerException: Cannot invoke "String.length()" because "nullString" is null
	at com.deliveryplatform.demo.CoreRequirementsDemo.demonstrateExceptionHandling(CoreRequirementsDemo.java:295) [classes/:?]
	at com.deliveryplatform.demo.CoreRequirementsDemo.main(CoreRequirementsDemo.java:49) [classes/:?]
2025-10-16 10:53:32.139 [main] INFO  com.deliveryplatform.demo.CoreRequirementsDemo - === 5. 演示 Log4j2 日誌級別 ===
2025-10-16 10:53:32.139 [main] INFO  com.deliveryplatform.demo.CoreRequirementsDemo - INFO 級別: 記錄正常的業務操作流程
2025-10-16 10:53:32.140 [main] INFO  com.deliveryplatform.demo.CoreRequirementsDemo - INFO 級別: 用戶登入 userId=USER-123
2025-10-16 10:53:32.140 [main] INFO  com.deliveryplatform.demo.CoreRequirementsDemo - INFO 級別: 訂單狀態更新 orderId=ORDER-456, newStatus=DELIVERED
2025-10-16 10:53:32.140 [main] WARN  com.deliveryplatform.demo.CoreRequirementsDemo - WARN 級別: 記錄業務邏輯錯誤 (Checked Exception)
2025-10-16 10:53:32.140 [main] WARN  com.deliveryplatform.demo.CoreRequirementsDemo - WARN 級別: 餐廳容量已滿 restaurantId=REST-001, currentOrders=10
2025-10-16 10:53:32.140 [main] WARN  com.deliveryplatform.demo.CoreRequirementsDemo - WARN 級別: 訂單驗證失敗 orderId=ORDER-789, reason=無效的地址格式
2025-10-16 10:53:32.140 [main] ERROR com.deliveryplatform.demo.CoreRequirementsDemo - ERROR 級別: 記錄系統錯誤 (Unchecked Exception)
2025-10-16 10:53:32.140 [main] ERROR com.deliveryplatform.demo.CoreRequirementsDemo - ERROR 級別: 資料庫連線失敗
2025-10-16 10:53:32.140 [main] ERROR com.deliveryplatform.demo.CoreRequirementsDemo - ERROR 級別: 外部 API 呼叫超時 service=PaymentService, timeout=5000ms
2025-10-16 10:53:32.141 [main] INFO  com.deliveryplatform.demo.CoreRequirementsDemo - 日誌級別使用原則總結:
2025-10-16 10:53:32.141 [main] INFO  com.deliveryplatform.demo.CoreRequirementsDemo - - INFO: 記錄正常業務操作，用於追蹤系統執行流程
2025-10-16 10:53:32.141 [main] INFO  com.deliveryplatform.demo.CoreRequirementsDemo - - WARN: 記錄 Checked Exception (業務邏輯錯誤)，需要關注但不影響系統運行
2025-10-16 10:53:32.141 [main] INFO  com.deliveryplatform.demo.CoreRequirementsDemo - - ERROR: 記錄 Unchecked Exception (程式碼邏輯或環境錯誤)，嚴重問題需要立即處理
2025-10-16 10:53:32.141 [main] INFO  com.deliveryplatform.demo.CoreRequirementsDemo - 透過這些日誌，我們可以發現後端執行過程中發生的各種問題！
2025-10-16 10:53:32.141 [main] INFO  com.deliveryplatform.demo.CoreRequirementsDemo - === 美食外送伺服端功能演示結束 ===
2025-10-16 10:53:51.556 [main] INFO  com.deliveryplatform.services.DeliveryService - Driver added to available pool: driverId=DRIVER-001
2025-10-16 10:53:51.558 [main] INFO  com.deliveryplatform.services.DeliveryService - Driver added to available pool: driverId=DRIVER-002
2025-10-16 10:53:51.559 [main] INFO  com.deliveryplatform.services.DeliveryService - Driver added to available pool: driverId=DRIVER-003
2025-10-16 10:53:51.559 [main] INFO  com.deliveryplatform.services.DeliveryService - Driver added to available pool: driverId=DRIVER-004
2025-10-16 10:53:51.559 [main] INFO  com.deliveryplatform.services.DeliveryService - Driver added to available pool: driverId=DRIVER-005
2025-10-16 10:54:03.273 [main] INFO  com.deliveryplatform.services.OrderService - Creating order: customerId=CUST-001, restaurantId=REST-001, itemCount=2
2025-10-16 10:54:03.303 [main] INFO  com.deliveryplatform.models.Order - Order created: orderId=ORD-A00C302B, customerId=CUST-001, restaurantId=REST-001, amount=21.97
2025-10-16 10:54:03.303 [main] INFO  com.deliveryplatform.services.OrderService - Order created successfully: orderId=ORD-A00C302B, amount=21.97
2025-10-16 10:54:03.304 [main] INFO  com.deliveryplatform.services.RestaurantServiceImpl - 餐廳 REST-001 嘗試接單 ORD-A00C302B
2025-10-16 10:54:03.304 [main] INFO  com.deliveryplatform.models.Order - Order status transition: orderId=ORD-A00C302B, from=PENDING, to=ACCEPTED
2025-10-16 10:54:03.305 [main] INFO  com.deliveryplatform.services.RestaurantServiceImpl - 餐廳 REST-001 成功接單 ORD-A00C302B
2025-10-16 10:54:03.305 [main] INFO  com.deliveryplatform.services.RestaurantServiceImpl - 餐廳 REST-001 開始製作訂單 ORD-A00C302B
2025-10-16 10:54:03.305 [main] INFO  com.deliveryplatform.models.Order - Order status transition: orderId=ORD-A00C302B, from=ACCEPTED, to=PREPARING
2025-10-16 10:54:03.305 [main] INFO  com.deliveryplatform.services.RestaurantServiceImpl - 餐廳 REST-001 成功開始製作訂單 ORD-A00C302B
2025-10-16 10:54:03.305 [main] INFO  com.deliveryplatform.services.RestaurantServiceImpl - 餐廳 REST-001 標記訂單 ORD-A00C302B 完成製作
2025-10-16 10:54:03.305 [main] INFO  com.deliveryplatform.models.Order - Order status transition: orderId=ORD-A00C302B, from=PREPARING, to=READY_FOR_DELIVERY
2025-10-16 10:54:03.305 [main] INFO  com.deliveryplatform.services.RestaurantServiceImpl - 餐廳 REST-001 成功標記訂單 ORD-A00C302B 完成製作
2025-10-16 10:54:03.306 [main] INFO  com.deliveryplatform.services.DeliveryService - Driver added to available pool: driverId=DRIVER-001
2025-10-16 10:54:03.306 [main] INFO  com.deliveryplatform.services.DeliveryService - Attempting to assign driver for order: ORD-A00C302B
2025-10-16 10:54:03.306 [main] INFO  com.deliveryplatform.models.Order - Driver DRIVER-005 assigned to order ORD-A00C302B
2025-10-16 10:54:03.306 [main] INFO  com.deliveryplatform.models.Order - Order status transition: orderId=ORD-A00C302B, from=READY_FOR_DELIVERY, to=IN_DELIVERY
2025-10-16 10:54:03.307 [main] INFO  com.deliveryplatform.services.DeliveryService - Driver assigned successfully: orderId=ORD-A00C302B, driverId=DRIVER-005
2025-10-16 10:54:03.307 [main] INFO  com.deliveryplatform.services.DeliveryService - Completing delivery: orderId=ORD-A00C302B, driverId=DRIVER-005
2025-10-16 10:54:03.307 [main] INFO  com.deliveryplatform.models.Order - Order status transition: orderId=ORD-A00C302B, from=IN_DELIVERY, to=DELIVERED
2025-10-16 10:54:03.307 [main] INFO  com.deliveryplatform.services.DeliveryService - Delivery completed successfully: orderId=ORD-A00C302B, driverId=DRIVER-005
2025-10-16 10:54:26.049 [main] INFO  com.deliveryplatform.services.DeliveryService - Driver added to available pool: driverId=DRIVER-001
2025-10-16 10:54:26.051 [main] INFO  com.deliveryplatform.services.DeliveryService - Driver added to available pool: driverId=DRIVER-002
2025-10-16 10:54:26.051 [main] INFO  com.deliveryplatform.services.DeliveryService - Driver added to available pool: driverId=DRIVER-003
2025-10-16 10:54:26.051 [main] INFO  com.deliveryplatform.services.DeliveryService - Driver added to available pool: driverId=DRIVER-004
2025-10-16 10:54:26.051 [main] INFO  com.deliveryplatform.services.DeliveryService - Driver added to available pool: driverId=DRIVER-005
2025-10-16 10:54:26.052 [main] INFO  com.deliveryplatform.services.OrderService - Creating order: customerId=null, restaurantId=null, itemCount=0
2025-10-16 10:54:26.052 [main] WARN  com.deliveryplatform.services.OrderService - Order validation failed: customerId=null, restaurantId=null, errors=[Customer ID is required, Restaurant ID is required, Delivery address is required, Order must have at least one item]
2025-10-16 10:54:26.072 [main] INFO  com.deliveryplatform.services.OrderService - Creating order: customerId=CUST-001, restaurantId=REST-001, itemCount=1
2025-10-16 10:54:26.100 [main] INFO  com.deliveryplatform.models.Order - Order created: orderId=ORD-6D030B49, customerId=CUST-001, restaurantId=REST-001, amount=15.99
2025-10-16 10:54:26.101 [main] INFO  com.deliveryplatform.services.OrderService - Order created successfully: orderId=ORD-6D030B49, amount=15.99
2025-10-16 10:54:26.101 [main] INFO  com.deliveryplatform.services.RestaurantServiceImpl - 餐廳 REST-001 嘗試接單 ORD-6D030B49
2025-10-16 10:54:26.101 [main] INFO  com.deliveryplatform.models.Order - Order status transition: orderId=ORD-6D030B49, from=PENDING, to=ACCEPTED
2025-10-16 10:54:26.102 [main] INFO  com.deliveryplatform.services.RestaurantServiceImpl - 餐廳 REST-001 成功接單 ORD-6D030B49
2025-10-16 10:54:26.102 [main] INFO  com.deliveryplatform.services.RestaurantServiceImpl - 餐廳 REST-001 開始製作訂單 ORD-6D030B49
2025-10-16 10:54:26.102 [main] INFO  com.deliveryplatform.models.Order - Order status transition: orderId=ORD-6D030B49, from=ACCEPTED, to=PREPARING
2025-10-16 10:54:26.102 [main] INFO  com.deliveryplatform.services.RestaurantServiceImpl - 餐廳 REST-001 成功開始製作訂單 ORD-6D030B49
2025-10-16 10:54:26.102 [main] INFO  com.deliveryplatform.services.RestaurantServiceImpl - 餐廳 REST-001 標記訂單 ORD-6D030B49 完成製作
2025-10-16 10:54:26.102 [main] INFO  com.deliveryplatform.models.Order - Order status transition: orderId=ORD-6D030B49, from=PREPARING, to=READY_FOR_DELIVERY
2025-10-16 10:54:26.102 [main] INFO  com.deliveryplatform.services.RestaurantServiceImpl - 餐廳 REST-001 成功標記訂單 ORD-6D030B49 完成製作
2025-10-16 10:54:26.103 [main] INFO  com.deliveryplatform.services.DeliveryService - Driver added to available pool: driverId=DRIVER-001
2025-10-16 10:54:26.103 [main] INFO  com.deliveryplatform.services.DeliveryService - Attempting to assign driver for order: ORD-6D030B49
2025-10-16 10:54:26.103 [main] INFO  com.deliveryplatform.models.Order - Driver DRIVER-005 assigned to order ORD-6D030B49
2025-10-16 10:54:26.103 [main] INFO  com.deliveryplatform.models.Order - Order status transition: orderId=ORD-6D030B49, from=READY_FOR_DELIVERY, to=IN_DELIVERY
2025-10-16 10:54:26.104 [main] INFO  com.deliveryplatform.services.DeliveryService - Driver assigned successfully: orderId=ORD-6D030B49, driverId=DRIVER-005
2025-10-16 10:54:26.104 [main] INFO  com.deliveryplatform.services.DeliveryService - Completing delivery: orderId=ORD-6D030B49, driverId=DRIVER-005
2025-10-16 10:54:26.104 [main] INFO  com.deliveryplatform.models.Order - Order status transition: orderId=ORD-6D030B49, from=IN_DELIVERY, to=DELIVERED
2025-10-16 10:54:26.104 [main] INFO  com.deliveryplatform.services.DeliveryService - Delivery completed successfully: orderId=ORD-6D030B49, driverId=DRIVER-005
2025-10-16 10:54:26.104 [main] INFO  com.deliveryplatform.services.RestaurantServiceImpl - 餐廳 NONEXISTENT-RESTAURANT 嘗試接單 FAKE-ORDER
2025-10-16 10:54:26.105 [main] WARN  com.deliveryplatform.services.RestaurantServiceImpl - 業務異常 - acceptOrder: orderId=FAKE-ORDER, restaurantId=NONEXISTENT-RESTAURANT, 錯誤=Restaurant NONEXISTENT-RESTAURANT is currently unavailable: 餐廳不存在
2025-10-16 10:54:42.029 [main] INFO  com.deliveryplatform.services.OrderService - Creating order: customerId=CUST-001, restaurantId=REST-001, itemCount=2
2025-10-16 10:54:42.059 [main] INFO  com.deliveryplatform.models.Order - Order created: orderId=ORD-7F265006, customerId=CUST-001, restaurantId=REST-001, amount=21.97
2025-10-16 10:54:42.059 [main] INFO  com.deliveryplatform.services.OrderService - Order created successfully: orderId=ORD-7F265006, amount=21.97
2025-10-16 10:54:42.059 [main] INFO  com.deliveryplatform.services.RestaurantServiceImpl - 餐廳 REST-001 嘗試接單 ORD-7F265006
2025-10-16 10:54:42.060 [main] WARN  com.deliveryplatform.services.RestaurantServiceImpl - 業務異常 - acceptOrder: orderId=ORD-7F265006, restaurantId=REST-001, 錯誤=Restaurant REST-001 is currently unavailable: 餐廳已關閉
2025-10-16 10:54:42.060 [main] WARN  com.deliveryplatform.controllers.GlobalExceptionHandler - Restaurant unavailable: restaurantId=REST-001, reason=Restaurant REST-001 is currently unavailable: 餐廳已關閉
2025-10-16 10:55:19.879 [main] INFO  com.deliveryplatform.services.DeliveryService - Driver added to available pool: driverId=DRIVER-001
2025-10-16 10:55:19.881 [main] INFO  com.deliveryplatform.services.DeliveryService - Driver added to available pool: driverId=DRIVER-002
2025-10-16 10:55:19.881 [main] INFO  com.deliveryplatform.services.DeliveryService - Driver added to available pool: driverId=DRIVER-003
2025-10-16 10:55:19.881 [main] INFO  com.deliveryplatform.services.DeliveryService - Driver added to available pool: driverId=DRIVER-004
2025-10-16 10:55:19.881 [main] INFO  com.deliveryplatform.services.DeliveryService - Driver added to available pool: driverId=DRIVER-005
2025-10-16 10:55:19.882 [main] INFO  com.deliveryplatform.services.OrderService - Creating order: customerId=null, restaurantId=null, itemCount=0
2025-10-16 10:55:19.882 [main] WARN  com.deliveryplatform.services.OrderService - Order validation failed: customerId=null, restaurantId=null, errors=[Customer ID is required, Restaurant ID is required, Delivery address is required, Order must have at least one item]
2025-10-16 10:55:19.903 [main] INFO  com.deliveryplatform.services.OrderService - Creating order: customerId=CUST-001, restaurantId=REST-001, itemCount=1
2025-10-16 10:55:19.930 [main] INFO  com.deliveryplatform.models.Order - Order created: orderId=ORD-EF93D56F, customerId=CUST-001, restaurantId=REST-001, amount=15.99
2025-10-16 10:55:19.930 [main] INFO  com.deliveryplatform.services.OrderService - Order created successfully: orderId=ORD-EF93D56F, amount=15.99
2025-10-16 10:55:19.930 [main] INFO  com.deliveryplatform.services.RestaurantServiceImpl - 餐廳 REST-001 嘗試接單 ORD-EF93D56F
2025-10-16 10:55:19.931 [main] INFO  com.deliveryplatform.models.Order - Order status transition: orderId=ORD-EF93D56F, from=PENDING, to=ACCEPTED
2025-10-16 10:55:19.932 [main] INFO  com.deliveryplatform.services.RestaurantServiceImpl - 餐廳 REST-001 成功接單 ORD-EF93D56F
2025-10-16 10:55:19.932 [main] INFO  com.deliveryplatform.services.RestaurantServiceImpl - 餐廳 REST-001 開始製作訂單 ORD-EF93D56F
2025-10-16 10:55:19.932 [main] INFO  com.deliveryplatform.models.Order - Order status transition: orderId=ORD-EF93D56F, from=ACCEPTED, to=PREPARING
2025-10-16 10:55:19.932 [main] INFO  com.deliveryplatform.services.RestaurantServiceImpl - 餐廳 REST-001 成功開始製作訂單 ORD-EF93D56F
2025-10-16 10:55:19.932 [main] INFO  com.deliveryplatform.services.RestaurantServiceImpl - 餐廳 REST-001 標記訂單 ORD-EF93D56F 完成製作
2025-10-16 10:55:19.932 [main] INFO  com.deliveryplatform.models.Order - Order status transition: orderId=ORD-EF93D56F, from=PREPARING, to=READY_FOR_DELIVERY
2025-10-16 10:55:19.932 [main] INFO  com.deliveryplatform.services.RestaurantServiceImpl - 餐廳 REST-001 成功標記訂單 ORD-EF93D56F 完成製作
2025-10-16 10:55:19.933 [main] INFO  com.deliveryplatform.services.DeliveryService - Driver added to available pool: driverId=DRIVER-001
2025-10-16 10:55:19.933 [main] INFO  com.deliveryplatform.services.DeliveryService - Attempting to assign driver for order: ORD-EF93D56F
2025-10-16 10:55:19.933 [main] INFO  com.deliveryplatform.models.Order - Driver DRIVER-005 assigned to order ORD-EF93D56F
2025-10-16 10:55:19.933 [main] INFO  com.deliveryplatform.models.Order - Order status transition: orderId=ORD-EF93D56F, from=READY_FOR_DELIVERY, to=IN_DELIVERY
2025-10-16 10:55:19.933 [main] INFO  com.deliveryplatform.services.DeliveryService - Driver assigned successfully: orderId=ORD-EF93D56F, driverId=DRIVER-005
2025-10-16 10:55:19.934 [main] INFO  com.deliveryplatform.services.DeliveryService - Completing delivery: orderId=ORD-EF93D56F, driverId=DRIVER-005
2025-10-16 10:55:19.934 [main] INFO  com.deliveryplatform.models.Order - Order status transition: orderId=ORD-EF93D56F, from=IN_DELIVERY, to=DELIVERED
2025-10-16 10:55:19.934 [main] INFO  com.deliveryplatform.services.DeliveryService - Delivery completed successfully: orderId=ORD-EF93D56F, driverId=DRIVER-005
2025-10-16 10:55:19.934 [main] INFO  com.deliveryplatform.services.RestaurantServiceImpl - 餐廳 NONEXISTENT-RESTAURANT 嘗試接單 FAKE-ORDER
2025-10-16 10:55:19.934 [main] WARN  com.deliveryplatform.services.RestaurantServiceImpl - 業務異常 - acceptOrder: orderId=FAKE-ORDER, restaurantId=NONEXISTENT-RESTAURANT, 錯誤=Restaurant NONEXISTENT-RESTAURANT is currently unavailable: 餐廳不存在
2025-10-16 11:01:43.375 [main] INFO  com.deliveryplatform.services.DeliveryService - Driver added to available pool: driverId=DRIVER-001
2025-10-16 11:01:43.377 [main] INFO  com.deliveryplatform.services.DeliveryService - Driver added to available pool: driverId=DRIVER-002
2025-10-16 11:01:43.377 [main] INFO  com.deliveryplatform.services.DeliveryService - Driver added to available pool: driverId=DRIVER-003
2025-10-16 11:01:43.377 [main] INFO  com.deliveryplatform.services.DeliveryService - Driver added to available pool: driverId=DRIVER-004
2025-10-16 11:01:43.377 [main] INFO  com.deliveryplatform.services.DeliveryService - Driver added to available pool: driverId=DRIVER-005
2025-10-16 11:01:43.397 [main] INFO  com.deliveryplatform.services.OrderService - Creating order: customerId=null, restaurantId=REST-001, itemCount=1
2025-10-16 11:01:43.397 [main] WARN  com.deliveryplatform.services.OrderService - Order validation failed: customerId=null, restaurantId=REST-001, errors=[Customer ID is required]
2025-10-16 11:01:43.398 [main] INFO  com.deliveryplatform.services.OrderService - Creating order: customerId=CUST-001, restaurantId=null, itemCount=1
2025-10-16 11:01:43.398 [main] WARN  com.deliveryplatform.services.OrderService - Order validation failed: customerId=CUST-001, restaurantId=null, errors=[Restaurant ID is required]
2025-10-16 11:01:43.399 [main] INFO  com.deliveryplatform.services.OrderService - Creating order: customerId=CUST-001, restaurantId=REST-001, itemCount=0
2025-10-16 11:01:43.399 [main] WARN  com.deliveryplatform.services.OrderService - Order validation failed: customerId=CUST-001, restaurantId=REST-001, errors=[Order must have at least one item]
2025-10-16 11:01:43.400 [main] INFO  com.deliveryplatform.services.OrderService - Creating order: customerId=CUST-001, restaurantId=REST-001, itemCount=1
2025-10-16 11:01:43.400 [main] WARN  com.deliveryplatform.services.OrderService - Order validation failed: customerId=CUST-001, restaurantId=REST-001, errors=[Delivery address is required]
2025-10-16 11:01:43.400 [main] INFO  com.deliveryplatform.services.RestaurantServiceImpl - 餐廳 REST-CLOSED 嘗試接單 FAKE-ORDER
2025-10-16 11:01:43.401 [main] WARN  com.deliveryplatform.services.RestaurantServiceImpl - 業務異常 - acceptOrder: orderId=FAKE-ORDER, restaurantId=REST-CLOSED, 錯誤=Restaurant REST-CLOSED is currently unavailable: 餐廳已關閉
2025-10-16 11:01:43.401 [main] INFO  com.deliveryplatform.services.RestaurantServiceImpl - 餐廳 NONEXISTENT 嘗試接單 FAKE-ORDER
2025-10-16 11:01:43.401 [main] WARN  com.deliveryplatform.services.RestaurantServiceImpl - 業務異常 - acceptOrder: orderId=FAKE-ORDER, restaurantId=NONEXISTENT, 錯誤=Restaurant NONEXISTENT is currently unavailable: 餐廳不存在
2025-10-16 11:01:43.402 [main] INFO  com.deliveryplatform.services.RestaurantServiceImpl - 餐廳 REST-001 開始製作訂單 NONEXISTENT-ORDER
2025-10-16 11:01:43.402 [main] ERROR com.deliveryplatform.services.RestaurantServiceImpl - 系統異常 - startPreparingOrder: orderId=NONEXISTENT-ORDER, restaurantId=REST-001
java.lang.IllegalArgumentException: 訂單不存在: NONEXISTENT-ORDER
	at com.deliveryplatform.services.RestaurantServiceImpl.lambda$getOrderAndValidateOwnership$0(RestaurantServiceImpl.java:246) ~[classes/:?]
	at java.util.Optional.orElseThrow(Optional.java:403) ~[?:?]
	at com.deliveryplatform.services.RestaurantServiceImpl.getOrderAndValidateOwnership(RestaurantServiceImpl.java:246) ~[classes/:?]
	at com.deliveryplatform.services.RestaurantServiceImpl.validateOrderForPreparation(RestaurantServiceImpl.java:221) ~[classes/:?]
	at com.deliveryplatform.services.RestaurantServiceImpl.startPreparingOrder(RestaurantServiceImpl.java:126) [classes/:?]
	at com.deliveryplatform.demo.BatchTestRunner.lambda$testInvalidOrderStateExceptions$0(BatchTestRunner.java:149) [classes/:?]
	at com.deliveryplatform.demo.BatchTestRunner.runTest(BatchTestRunner.java:254) [classes/:?]
	at com.deliveryplatform.demo.BatchTestRunner.testInvalidOrderStateExceptions(BatchTestRunner.java:148) [classes/:?]
	at com.deliveryplatform.demo.BatchTestRunner.runAllTests(BatchTestRunner.java:86) [classes/:?]
	at com.deliveryplatform.demo.BatchTestRunner.main(BatchTestRunner.java:36) [classes/:?]
2025-10-16 11:01:43.409 [main] INFO  com.deliveryplatform.services.OrderService - Creating order: customerId=CUST-001, restaurantId=REST-001, itemCount=1
2025-10-16 11:01:43.435 [main] INFO  com.deliveryplatform.models.Order - Order created: orderId=ORD-C88DB093, customerId=CUST-001, restaurantId=REST-001, amount=10
2025-10-16 11:01:43.435 [main] INFO  com.deliveryplatform.services.OrderService - Order created successfully: orderId=ORD-C88DB093, amount=10
2025-10-16 11:01:43.435 [main] INFO  com.deliveryplatform.services.RestaurantServiceImpl - 餐廳 REST-001 開始製作訂單 ORD-C88DB093
2025-10-16 11:01:43.435 [main] WARN  com.deliveryplatform.services.RestaurantServiceImpl - 業務異常 - startPreparingOrder: orderId=ORD-C88DB093, restaurantId=REST-001, 錯誤=Cannot transition order ORD-C88DB093 from PENDING to PREPARING: 訂單必須為 ACCEPTED 狀態才能開始製作
2025-10-16 11:01:43.435 [main] INFO  com.deliveryplatform.services.DeliveryService - Driver removed from available pool: driverId=DRIVER-001
2025-10-16 11:01:43.436 [main] INFO  com.deliveryplatform.services.DeliveryService - Driver removed from available pool: driverId=DRIVER-002
2025-10-16 11:01:43.436 [main] INFO  com.deliveryplatform.services.DeliveryService - Driver removed from available pool: driverId=DRIVER-003
2025-10-16 11:01:43.436 [main] INFO  com.deliveryplatform.services.DeliveryService - Driver removed from available pool: driverId=DRIVER-004
2025-10-16 11:01:43.436 [main] INFO  com.deliveryplatform.services.DeliveryService - Driver removed from available pool: driverId=DRIVER-005
2025-10-16 11:01:43.436 [main] INFO  com.deliveryplatform.services.DeliveryService - Driver removed from available pool: driverId=DRIVER-006
2025-10-16 11:01:43.436 [main] INFO  com.deliveryplatform.services.DeliveryService - Driver removed from available pool: driverId=DRIVER-007
2025-10-16 11:01:43.436 [main] INFO  com.deliveryplatform.services.DeliveryService - Driver removed from available pool: driverId=DRIVER-008
2025-10-16 11:01:43.436 [main] INFO  com.deliveryplatform.services.DeliveryService - Driver removed from available pool: driverId=DRIVER-009
2025-10-16 11:01:43.436 [main] INFO  com.deliveryplatform.services.DeliveryService - Driver removed from available pool: driverId=DRIVER-0010
2025-10-16 11:01:43.437 [main] INFO  com.deliveryplatform.services.DeliveryService - Attempting to assign driver for order: FAKE-ORDER
2025-10-16 11:01:43.437 [main] WARN  com.deliveryplatform.services.DeliveryService - Business exception in assignDriver: orderId=FAKE-ORDER, error=Cannot transition order FAKE-ORDER from null to IN_DELIVERY: Order must be ready for delivery to assign a driver
2025-10-16 11:01:43.438 [main] INFO  com.deliveryplatform.services.DeliveryService - Driver added to available pool: driverId=DRIVER-001
2025-10-16 11:01:43.438 [main] INFO  com.deliveryplatform.services.OrderService - Creating order: customerId=CUST-001, restaurantId=REST-001, itemCount=1
2025-10-16 11:01:43.438 [main] INFO  com.deliveryplatform.models.Order - Order created: orderId=ORD-DD4FD50F, customerId=CUST-001, restaurantId=REST-001, amount=15.99
2025-10-16 11:01:43.438 [main] INFO  com.deliveryplatform.services.OrderService - Order created successfully: orderId=ORD-DD4FD50F, amount=15.99
2025-10-16 11:01:43.439 [main] INFO  com.deliveryplatform.services.RestaurantServiceImpl - 餐廳 REST-001 嘗試接單 ORD-DD4FD50F
2025-10-16 11:01:43.439 [main] INFO  com.deliveryplatform.models.Order - Order status transition: orderId=ORD-DD4FD50F, from=PENDING, to=ACCEPTED
2025-10-16 11:01:43.439 [main] INFO  com.deliveryplatform.services.RestaurantServiceImpl - 餐廳 REST-001 成功接單 ORD-DD4FD50F
2025-10-16 11:01:43.439 [main] INFO  com.deliveryplatform.services.RestaurantServiceImpl - 餐廳 REST-001 開始製作訂單 ORD-DD4FD50F
2025-10-16 11:01:43.439 [main] INFO  com.deliveryplatform.models.Order - Order status transition: orderId=ORD-DD4FD50F, from=ACCEPTED, to=PREPARING
2025-10-16 11:01:43.439 [main] INFO  com.deliveryplatform.services.RestaurantServiceImpl - 餐廳 REST-001 成功開始製作訂單 ORD-DD4FD50F
2025-10-16 11:01:43.439 [main] INFO  com.deliveryplatform.services.RestaurantServiceImpl - 餐廳 REST-001 標記訂單 ORD-DD4FD50F 完成製作
2025-10-16 11:01:43.440 [main] INFO  com.deliveryplatform.models.Order - Order status transition: orderId=ORD-DD4FD50F, from=PREPARING, to=READY_FOR_DELIVERY
2025-10-16 11:01:43.440 [main] INFO  com.deliveryplatform.services.RestaurantServiceImpl - 餐廳 REST-001 成功標記訂單 ORD-DD4FD50F 完成製作
2025-10-16 11:01:43.440 [main] INFO  com.deliveryplatform.services.DeliveryService - Attempting to assign driver for order: ORD-DD4FD50F
2025-10-16 11:01:43.440 [main] INFO  com.deliveryplatform.models.Order - Driver DRIVER-001 assigned to order ORD-DD4FD50F
2025-10-16 11:01:43.440 [main] INFO  com.deliveryplatform.models.Order - Order status transition: orderId=ORD-DD4FD50F, from=READY_FOR_DELIVERY, to=IN_DELIVERY
2025-10-16 11:01:43.440 [main] INFO  com.deliveryplatform.services.DeliveryService - Driver assigned successfully: orderId=ORD-DD4FD50F, driverId=DRIVER-001
2025-10-16 11:01:43.440 [main] INFO  com.deliveryplatform.services.DeliveryService - Completing delivery: orderId=ORD-DD4FD50F, driverId=DRIVER-001
2025-10-16 11:01:43.441 [main] INFO  com.deliveryplatform.models.Order - Order status transition: orderId=ORD-DD4FD50F, from=IN_DELIVERY, to=DELIVERED
2025-10-16 11:01:43.441 [main] INFO  com.deliveryplatform.services.DeliveryService - Delivery completed successfully: orderId=ORD-DD4FD50F, driverId=DRIVER-001
2025-10-16 11:01:43.441 [main] INFO  com.deliveryplatform.services.OrderService - Creating order: customerId=CUST-001, restaurantId=REST-001, itemCount=1
2025-10-16 11:01:43.441 [main] WARN  com.deliveryplatform.services.OrderService - Order validation failed: customerId=CUST-001, restaurantId=REST-001, errors=[Item 1: Unit price must be positive]
2025-10-16 11:01:43.442 [main] INFO  com.deliveryplatform.services.OrderService - Creating order: customerId=CUST-001, restaurantId=REST-001, itemCount=1
2025-10-16 11:01:43.442 [main] WARN  com.deliveryplatform.services.OrderService - Order validation failed: customerId=CUST-001, restaurantId=REST-001, errors=[Item 1: Quantity must be positive]
2025-10-16 11:01:43.442 [main] INFO  com.deliveryplatform.services.OrderService - Creating order: customerId=CUST-001, restaurantId=REST-001, itemCount=1
2025-10-16 11:01:43.442 [main] WARN  com.deliveryplatform.services.OrderService - Order validation failed: customerId=CUST-001, restaurantId=REST-001, errors=[Item 1: Item name is required]
2025-10-16 11:01:49.939 [main] INFO  com.deliveryplatform.services.DeliveryService - Driver added to available pool: driverId=DRIVER-001
2025-10-16 11:01:49.943 [main] INFO  com.deliveryplatform.services.DeliveryService - Driver added to available pool: driverId=DRIVER-002
2025-10-16 11:01:49.943 [main] INFO  com.deliveryplatform.services.DeliveryService - Driver added to available pool: driverId=DRIVER-003
2025-10-16 11:01:49.943 [main] INFO  com.deliveryplatform.services.DeliveryService - Driver added to available pool: driverId=DRIVER-004
2025-10-16 11:01:49.943 [main] INFO  com.deliveryplatform.services.DeliveryService - Driver added to available pool: driverId=DRIVER-005
2025-10-16 11:02:00.527 [main] INFO  com.deliveryplatform.services.OrderService - Creating order: customerId=CUST-001, restaurantId=REST-001, itemCount=2
2025-10-16 11:02:00.554 [main] INFO  com.deliveryplatform.models.Order - Order created: orderId=ORD-000FEEF9, customerId=CUST-001, restaurantId=REST-001, amount=21.97
2025-10-16 11:02:00.555 [main] INFO  com.deliveryplatform.services.OrderService - Order created successfully: orderId=ORD-000FEEF9, amount=21.97
2025-10-16 11:02:00.555 [main] INFO  com.deliveryplatform.services.RestaurantServiceImpl - 餐廳 REST-001 嘗試接單 ORD-000FEEF9
2025-10-16 11:02:00.556 [main] WARN  com.deliveryplatform.services.RestaurantServiceImpl - 業務異常 - acceptOrder: orderId=ORD-000FEEF9, restaurantId=REST-001, 錯誤=Restaurant REST-001 is currently unavailable: 餐廳已關閉
2025-10-16 11:02:00.556 [main] WARN  com.deliveryplatform.controllers.GlobalExceptionHandler - Restaurant unavailable: restaurantId=REST-001, reason=Restaurant REST-001 is currently unavailable: 餐廳已關閉
2025-10-16 11:02:38.620 [com.deliveryplatform.demo.CoreRequirementsDemo.main()] INFO  com.deliveryplatform.demo.CoreRequirementsDemo - === 美食外送伺服端功能演示開始 ===
2025-10-16 11:02:38.622 [com.deliveryplatform.demo.CoreRequirementsDemo.main()] INFO  com.deliveryplatform.demo.CoreRequirementsDemo - 初始化服務組件...
2025-10-16 11:02:38.626 [com.deliveryplatform.demo.CoreRequirementsDemo.main()] INFO  com.deliveryplatform.services.DeliveryService - Driver added to available pool: driverId=DRIVER-001
2025-10-16 11:02:38.626 [com.deliveryplatform.demo.CoreRequirementsDemo.main()] INFO  com.deliveryplatform.services.DeliveryService - Driver added to available pool: driverId=DRIVER-002
2025-10-16 11:02:38.627 [com.deliveryplatform.demo.CoreRequirementsDemo.main()] INFO  com.deliveryplatform.services.DeliveryService - Driver added to available pool: driverId=DRIVER-003
2025-10-16 11:02:38.627 [com.deliveryplatform.demo.CoreRequirementsDemo.main()] INFO  com.deliveryplatform.services.DeliveryService - Driver added to available pool: driverId=DRIVER-004
2025-10-16 11:02:38.627 [com.deliveryplatform.demo.CoreRequirementsDemo.main()] INFO  com.deliveryplatform.services.DeliveryService - Driver added to available pool: driverId=DRIVER-005
2025-10-16 11:02:38.628 [com.deliveryplatform.demo.CoreRequirementsDemo.main()] INFO  com.deliveryplatform.demo.CoreRequirementsDemo - 服務組件初始化完成
2025-10-16 11:02:38.628 [com.deliveryplatform.demo.CoreRequirementsDemo.main()] INFO  com.deliveryplatform.demo.CoreRequirementsDemo - === 1. 演示顧客訂單功能 ===
2025-10-16 11:02:38.641 [com.deliveryplatform.demo.CoreRequirementsDemo.main()] INFO  com.deliveryplatform.services.OrderService - Creating order: customerId=CUST-001, restaurantId=REST-001, itemCount=2
2025-10-16 11:02:38.644 [com.deliveryplatform.demo.CoreRequirementsDemo.main()] INFO  com.deliveryplatform.models.Order - Order created: orderId=ORD-CA4705D8, customerId=CUST-001, restaurantId=REST-001, amount=41.30
2025-10-16 11:02:38.644 [com.deliveryplatform.demo.CoreRequirementsDemo.main()] INFO  com.deliveryplatform.services.OrderService - Order created successfully: orderId=ORD-CA4705D8, amount=41.30
2025-10-16 11:02:38.644 [com.deliveryplatform.demo.CoreRequirementsDemo.main()] INFO  com.deliveryplatform.demo.CoreRequirementsDemo - 顧客訂單建立成功: orderId=ORD-CA4705D8, status=PENDING, amount=$41.30
2025-10-16 11:02:38.645 [com.deliveryplatform.demo.CoreRequirementsDemo.main()] INFO  com.deliveryplatform.demo.CoreRequirementsDemo - 目前訂單狀態: PENDING
2025-10-16 11:02:38.645 [com.deliveryplatform.demo.CoreRequirementsDemo.main()] INFO  com.deliveryplatform.demo.CoreRequirementsDemo - 可轉換到的狀態: [ACCEPTED, REJECTED, CANCELLED]
2025-10-16 11:02:38.645 [com.deliveryplatform.demo.CoreRequirementsDemo.main()] INFO  com.deliveryplatform.demo.CoreRequirementsDemo - === 2. 演示餐廳 acceptOrder() 功能 ===
2025-10-16 11:02:38.646 [com.deliveryplatform.demo.CoreRequirementsDemo.main()] INFO  com.deliveryplatform.services.OrderService - Creating order: customerId=CUST-002, restaurantId=REST-001, itemCount=1
2025-10-16 11:02:38.646 [com.deliveryplatform.demo.CoreRequirementsDemo.main()] INFO  com.deliveryplatform.models.Order - Order created: orderId=ORD-C10D077E, customerId=CUST-002, restaurantId=REST-001, amount=21.90
2025-10-16 11:02:38.646 [com.deliveryplatform.demo.CoreRequirementsDemo.main()] INFO  com.deliveryplatform.services.OrderService - Order created successfully: orderId=ORD-C10D077E, amount=21.90
2025-10-16 11:02:38.646 [com.deliveryplatform.demo.CoreRequirementsDemo.main()] INFO  com.deliveryplatform.services.RestaurantServiceImpl - 餐廳 REST-001 嘗試接單 ORD-C10D077E
2025-10-16 11:02:38.647 [com.deliveryplatform.demo.CoreRequirementsDemo.main()] INFO  com.deliveryplatform.models.Order - Order status transition: orderId=ORD-C10D077E, from=PENDING, to=ACCEPTED
2025-10-16 11:02:38.647 [com.deliveryplatform.demo.CoreRequirementsDemo.main()] INFO  com.deliveryplatform.services.RestaurantServiceImpl - 餐廳 REST-001 成功接單 ORD-C10D077E
2025-10-16 11:02:38.648 [com.deliveryplatform.demo.CoreRequirementsDemo.main()] INFO  com.deliveryplatform.demo.CoreRequirementsDemo - 餐廳成功接單: orderId=ORD-C10D077E, restaurantId=REST-001
2025-10-16 11:02:38.648 [com.deliveryplatform.demo.CoreRequirementsDemo.main()] INFO  com.deliveryplatform.demo.CoreRequirementsDemo - 訂單狀態已更新: PENDING → ACCEPTED
2025-10-16 11:02:38.648 [com.deliveryplatform.demo.CoreRequirementsDemo.main()] INFO  com.deliveryplatform.demo.CoreRequirementsDemo - === 3. 演示外送員接單功能 ===
2025-10-16 11:02:38.649 [com.deliveryplatform.demo.CoreRequirementsDemo.main()] INFO  com.deliveryplatform.services.OrderService - Creating order: customerId=CUST-003, restaurantId=REST-001, itemCount=1
2025-10-16 11:02:38.649 [com.deliveryplatform.demo.CoreRequirementsDemo.main()] INFO  com.deliveryplatform.models.Order - Order created: orderId=ORD-867D455A, customerId=CUST-003, restaurantId=REST-001, amount=16.50
2025-10-16 11:02:38.649 [com.deliveryplatform.demo.CoreRequirementsDemo.main()] INFO  com.deliveryplatform.services.OrderService - Order created successfully: orderId=ORD-867D455A, amount=16.50
2025-10-16 11:02:38.649 [com.deliveryplatform.demo.CoreRequirementsDemo.main()] INFO  com.deliveryplatform.services.RestaurantServiceImpl - 餐廳 REST-001 嘗試接單 ORD-867D455A
2025-10-16 11:02:38.649 [com.deliveryplatform.demo.CoreRequirementsDemo.main()] INFO  com.deliveryplatform.models.Order - Order status transition: orderId=ORD-867D455A, from=PENDING, to=ACCEPTED
2025-10-16 11:02:38.650 [com.deliveryplatform.demo.CoreRequirementsDemo.main()] INFO  com.deliveryplatform.services.RestaurantServiceImpl - 餐廳 REST-001 成功接單 ORD-867D455A
2025-10-16 11:02:38.650 [com.deliveryplatform.demo.CoreRequirementsDemo.main()] INFO  com.deliveryplatform.services.RestaurantServiceImpl - 餐廳 REST-001 開始製作訂單 ORD-867D455A
2025-10-16 11:02:38.650 [com.deliveryplatform.demo.CoreRequirementsDemo.main()] INFO  com.deliveryplatform.models.Order - Order status transition: orderId=ORD-867D455A, from=ACCEPTED, to=PREPARING
2025-10-16 11:02:38.650 [com.deliveryplatform.demo.CoreRequirementsDemo.main()] INFO  com.deliveryplatform.services.RestaurantServiceImpl - 餐廳 REST-001 成功開始製作訂單 ORD-867D455A
2025-10-16 11:02:38.650 [com.deliveryplatform.demo.CoreRequirementsDemo.main()] INFO  com.deliveryplatform.services.RestaurantServiceImpl - 餐廳 REST-001 標記訂單 ORD-867D455A 完成製作
2025-10-16 11:02:38.651 [com.deliveryplatform.demo.CoreRequirementsDemo.main()] INFO  com.deliveryplatform.models.Order - Order status transition: orderId=ORD-867D455A, from=PREPARING, to=READY_FOR_DELIVERY
2025-10-16 11:02:38.651 [com.deliveryplatform.demo.CoreRequirementsDemo.main()] INFO  com.deliveryplatform.services.RestaurantServiceImpl - 餐廳 REST-001 成功標記訂單 ORD-867D455A 完成製作
2025-10-16 11:02:38.651 [com.deliveryplatform.demo.CoreRequirementsDemo.main()] INFO  com.deliveryplatform.services.DeliveryService - Driver added to available pool: driverId=DRIVER-001
2025-10-16 11:02:38.651 [com.deliveryplatform.demo.CoreRequirementsDemo.main()] INFO  com.deliveryplatform.services.DeliveryService - Attempting to assign driver for order: ORD-867D455A
2025-10-16 11:02:38.652 [com.deliveryplatform.demo.CoreRequirementsDemo.main()] INFO  com.deliveryplatform.models.Order - Driver DRIVER-005 assigned to order ORD-867D455A
2025-10-16 11:02:38.652 [com.deliveryplatform.demo.CoreRequirementsDemo.main()] INFO  com.deliveryplatform.models.Order - Order status transition: orderId=ORD-867D455A, from=READY_FOR_DELIVERY, to=IN_DELIVERY
2025-10-16 11:02:38.652 [com.deliveryplatform.demo.CoreRequirementsDemo.main()] INFO  com.deliveryplatform.services.DeliveryService - Driver assigned successfully: orderId=ORD-867D455A, driverId=DRIVER-005
2025-10-16 11:02:38.653 [com.deliveryplatform.demo.CoreRequirementsDemo.main()] INFO  com.deliveryplatform.demo.CoreRequirementsDemo - 外送員成功接單: orderId=ORD-867D455A, driverId=DRIVER-005
2025-10-16 11:02:38.653 [com.deliveryplatform.demo.CoreRequirementsDemo.main()] INFO  com.deliveryplatform.services.DeliveryService - Completing delivery: orderId=ORD-867D455A, driverId=DRIVER-005
2025-10-16 11:02:38.653 [com.deliveryplatform.demo.CoreRequirementsDemo.main()] INFO  com.deliveryplatform.models.Order - Order status transition: orderId=ORD-867D455A, from=IN_DELIVERY, to=DELIVERED
2025-10-16 11:02:38.654 [com.deliveryplatform.demo.CoreRequirementsDemo.main()] INFO  com.deliveryplatform.services.DeliveryService - Delivery completed successfully: orderId=ORD-867D455A, driverId=DRIVER-005
2025-10-16 11:02:38.654 [com.deliveryplatform.demo.CoreRequirementsDemo.main()] INFO  com.deliveryplatform.demo.CoreRequirementsDemo - 訂單完整生命週期: PENDING → ACCEPTED → PREPARING → READY_FOR_DELIVERY → IN_DELIVERY → DELIVERED
2025-10-16 11:02:38.654 [com.deliveryplatform.demo.CoreRequirementsDemo.main()] INFO  com.deliveryplatform.demo.CoreRequirementsDemo - === 4. 演示各種例外處理 ===
2025-10-16 11:02:38.654 [com.deliveryplatform.demo.CoreRequirementsDemo.main()] INFO  com.deliveryplatform.demo.CoreRequirementsDemo - 4.1 測試 OrderValidationException (Checked Exception)
2025-10-16 11:02:38.654 [com.deliveryplatform.demo.CoreRequirementsDemo.main()] INFO  com.deliveryplatform.services.OrderService - Creating order: customerId=null, restaurantId=, itemCount=0
2025-10-16 11:02:38.656 [com.deliveryplatform.demo.CoreRequirementsDemo.main()] WARN  com.deliveryplatform.services.OrderService - Order validation failed: customerId=null, restaurantId=, errors=[Customer ID is required, Restaurant ID is required, Delivery address is required, Order must have at least one item]
2025-10-16 11:02:38.656 [com.deliveryplatform.demo.CoreRequirementsDemo.main()] WARN  com.deliveryplatform.demo.CoreRequirementsDemo - 捕獲 OrderValidationException: errorCode=ORDER_VALIDATION_FAILED, errorCount=4
2025-10-16 11:02:38.657 [com.deliveryplatform.demo.CoreRequirementsDemo.main()] WARN  com.deliveryplatform.demo.CoreRequirementsDemo - 驗證錯誤詳情: [Customer ID is required, Restaurant ID is required, Delivery address is required, Order must have at least one item]
2025-10-16 11:02:38.657 [com.deliveryplatform.demo.CoreRequirementsDemo.main()] INFO  com.deliveryplatform.demo.CoreRequirementsDemo - 4.2 測試 RestaurantUnavailableException (Checked Exception)
2025-10-16 11:02:38.657 [com.deliveryplatform.demo.CoreRequirementsDemo.main()] INFO  com.deliveryplatform.services.RestaurantServiceImpl - 餐廳 REST-002 嘗試接單 FAKE-ORDER
2025-10-16 11:02:38.660 [com.deliveryplatform.demo.CoreRequirementsDemo.main()] WARN  com.deliveryplatform.services.RestaurantServiceImpl - 業務異常 - acceptOrder: orderId=FAKE-ORDER, restaurantId=REST-002, 錯誤=Restaurant REST-002 is currently unavailable: 餐廳已關閉
2025-10-16 11:02:38.660 [com.deliveryplatform.demo.CoreRequirementsDemo.main()] WARN  com.deliveryplatform.demo.CoreRequirementsDemo - 捕獲 RestaurantUnavailableException: restaurantId=REST-002, errorCode=RESTAURANT_UNAVAILABLE
2025-10-16 11:02:38.660 [com.deliveryplatform.demo.CoreRequirementsDemo.main()] INFO  com.deliveryplatform.demo.CoreRequirementsDemo - 4.3 測試 InvalidOrderStateException (Checked Exception)
2025-10-16 11:02:38.660 [com.deliveryplatform.demo.CoreRequirementsDemo.main()] INFO  com.deliveryplatform.services.RestaurantServiceImpl - 餐廳 REST-001 開始製作訂單 NONEXISTENT-ORDER
2025-10-16 11:02:38.661 [com.deliveryplatform.demo.CoreRequirementsDemo.main()] ERROR com.deliveryplatform.services.RestaurantServiceImpl - 系統異常 - startPreparingOrder: orderId=NONEXISTENT-ORDER, restaurantId=REST-001
java.lang.IllegalArgumentException: 訂單不存在: NONEXISTENT-ORDER
	at com.deliveryplatform.services.RestaurantServiceImpl.lambda$getOrderAndValidateOwnership$0(RestaurantServiceImpl.java:246) ~[classes/:?]
	at java.util.Optional.orElseThrow(Optional.java:403) ~[?:?]
	at com.deliveryplatform.services.RestaurantServiceImpl.getOrderAndValidateOwnership(RestaurantServiceImpl.java:246) ~[classes/:?]
	at com.deliveryplatform.services.RestaurantServiceImpl.validateOrderForPreparation(RestaurantServiceImpl.java:221) ~[classes/:?]
	at com.deliveryplatform.services.RestaurantServiceImpl.startPreparingOrder(RestaurantServiceImpl.java:126) [classes/:?]
	at com.deliveryplatform.demo.CoreRequirementsDemo.demonstrateExceptionHandling(CoreRequirementsDemo.java:261) [classes/:?]
	at com.deliveryplatform.demo.CoreRequirementsDemo.main(CoreRequirementsDemo.java:49) [classes/:?]
	at org.codehaus.mojo.exec.ExecJavaMojo.doExec(ExecJavaMojo.java:371) [exec-maven-plugin-3.6.1.jar:3.6.1]
	at org.codehaus.mojo.exec.ExecJavaMojo.lambda$execute$0(ExecJavaMojo.java:289) [exec-maven-plugin-3.6.1.jar:3.6.1]
	at java.lang.Thread.run(Thread.java:1474) [?:?]
2025-10-16 11:02:38.668 [com.deliveryplatform.demo.CoreRequirementsDemo.main()] ERROR com.deliveryplatform.demo.CoreRequirementsDemo - 其他系統錯誤
java.lang.RuntimeException: 開始製作失敗：系統錯誤
	at com.deliveryplatform.services.RestaurantServiceImpl.startPreparingOrder(RestaurantServiceImpl.java:138) ~[classes/:?]
	at com.deliveryplatform.demo.CoreRequirementsDemo.demonstrateExceptionHandling(CoreRequirementsDemo.java:261) [classes/:?]
	at com.deliveryplatform.demo.CoreRequirementsDemo.main(CoreRequirementsDemo.java:49) [classes/:?]
	at org.codehaus.mojo.exec.ExecJavaMojo.doExec(ExecJavaMojo.java:371) [exec-maven-plugin-3.6.1.jar:3.6.1]
	at org.codehaus.mojo.exec.ExecJavaMojo.lambda$execute$0(ExecJavaMojo.java:289) [exec-maven-plugin-3.6.1.jar:3.6.1]
	at java.lang.Thread.run(Thread.java:1474) [?:?]
Caused by: java.lang.IllegalArgumentException: 訂單不存在: NONEXISTENT-ORDER
	at com.deliveryplatform.services.RestaurantServiceImpl.lambda$getOrderAndValidateOwnership$0(RestaurantServiceImpl.java:246) ~[classes/:?]
	at java.util.Optional.orElseThrow(Optional.java:403) ~[?:?]
	at com.deliveryplatform.services.RestaurantServiceImpl.getOrderAndValidateOwnership(RestaurantServiceImpl.java:246) ~[classes/:?]
	at com.deliveryplatform.services.RestaurantServiceImpl.validateOrderForPreparation(RestaurantServiceImpl.java:221) ~[classes/:?]
	at com.deliveryplatform.services.RestaurantServiceImpl.startPreparingOrder(RestaurantServiceImpl.java:126) ~[classes/:?]
	... 5 more
2025-10-16 11:02:38.670 [com.deliveryplatform.demo.CoreRequirementsDemo.main()] INFO  com.deliveryplatform.demo.CoreRequirementsDemo - 4.4 測試 DeliveryAssignmentException (Checked Exception)
2025-10-16 11:02:38.670 [com.deliveryplatform.demo.CoreRequirementsDemo.main()] INFO  com.deliveryplatform.services.DeliveryService - Driver removed from available pool: driverId=DRIVER-001
2025-10-16 11:02:38.671 [com.deliveryplatform.demo.CoreRequirementsDemo.main()] INFO  com.deliveryplatform.services.DeliveryService - Driver removed from available pool: driverId=DRIVER-002
2025-10-16 11:02:38.671 [com.deliveryplatform.demo.CoreRequirementsDemo.main()] INFO  com.deliveryplatform.services.DeliveryService - Driver removed from available pool: driverId=DRIVER-003
2025-10-16 11:02:38.671 [com.deliveryplatform.demo.CoreRequirementsDemo.main()] INFO  com.deliveryplatform.services.DeliveryService - Driver removed from available pool: driverId=DRIVER-004
2025-10-16 11:02:38.671 [com.deliveryplatform.demo.CoreRequirementsDemo.main()] INFO  com.deliveryplatform.services.DeliveryService - Driver removed from available pool: driverId=DRIVER-005
2025-10-16 11:02:38.671 [com.deliveryplatform.demo.CoreRequirementsDemo.main()] INFO  com.deliveryplatform.services.DeliveryService - Attempting to assign driver for order: FAKE-ORDER
2025-10-16 11:02:38.672 [com.deliveryplatform.demo.CoreRequirementsDemo.main()] WARN  com.deliveryplatform.services.DeliveryService - Business exception in assignDriver: orderId=FAKE-ORDER, error=Cannot transition order FAKE-ORDER from null to IN_DELIVERY: Order must be ready for delivery to assign a driver
2025-10-16 11:02:38.673 [com.deliveryplatform.demo.CoreRequirementsDemo.main()] ERROR com.deliveryplatform.demo.CoreRequirementsDemo - 其他系統錯誤
com.deliveryplatform.exceptions.InvalidOrderStateException: Cannot transition order FAKE-ORDER from null to IN_DELIVERY: Order must be ready for delivery to assign a driver
	at com.deliveryplatform.services.DeliveryService.lambda$getOrderAndValidateForDelivery$1(DeliveryService.java:146) ~[classes/:?]
	at java.util.Optional.orElseThrow(Optional.java:403) ~[?:?]
	at com.deliveryplatform.services.DeliveryService.getOrderAndValidateForDelivery(DeliveryService.java:146) ~[classes/:?]
	at com.deliveryplatform.services.DeliveryService.assignDriver(DeliveryService.java:42) ~[classes/:?]
	at com.deliveryplatform.demo.CoreRequirementsDemo.demonstrateExceptionHandling(CoreRequirementsDemo.java:282) [classes/:?]
	at com.deliveryplatform.demo.CoreRequirementsDemo.main(CoreRequirementsDemo.java:49) [classes/:?]
	at org.codehaus.mojo.exec.ExecJavaMojo.doExec(ExecJavaMojo.java:371) [exec-maven-plugin-3.6.1.jar:3.6.1]
	at org.codehaus.mojo.exec.ExecJavaMojo.lambda$execute$0(ExecJavaMojo.java:289) [exec-maven-plugin-3.6.1.jar:3.6.1]
	at java.lang.Thread.run(Thread.java:1474) [?:?]
2025-10-16 11:02:38.683 [com.deliveryplatform.demo.CoreRequirementsDemo.main()] INFO  com.deliveryplatform.demo.CoreRequirementsDemo - 4.5 模擬 Unchecked Exception (程式碼邏輯錯誤)
2025-10-16 11:02:38.683 [com.deliveryplatform.demo.CoreRequirementsDemo.main()] ERROR com.deliveryplatform.demo.CoreRequirementsDemo - 捕獲 NullPointerException (Unchecked Exception): 程式碼邏輯錯誤
java.lang.NullPointerException: Cannot invoke "String.length()" because "nullString" is null
	at com.deliveryplatform.demo.CoreRequirementsDemo.demonstrateExceptionHandling(CoreRequirementsDemo.java:295) [classes/:?]
	at com.deliveryplatform.demo.CoreRequirementsDemo.main(CoreRequirementsDemo.java:49) [classes/:?]
	at org.codehaus.mojo.exec.ExecJavaMojo.doExec(ExecJavaMojo.java:371) [exec-maven-plugin-3.6.1.jar:3.6.1]
	at org.codehaus.mojo.exec.ExecJavaMojo.lambda$execute$0(ExecJavaMojo.java:289) [exec-maven-plugin-3.6.1.jar:3.6.1]
	at java.lang.Thread.run(Thread.java:1474) [?:?]
2025-10-16 11:02:38.689 [com.deliveryplatform.demo.CoreRequirementsDemo.main()] INFO  com.deliveryplatform.demo.CoreRequirementsDemo - === 5. 演示 Log4j2 日誌級別 ===
2025-10-16 11:02:38.689 [com.deliveryplatform.demo.CoreRequirementsDemo.main()] INFO  com.deliveryplatform.demo.CoreRequirementsDemo - INFO 級別: 記錄正常的業務操作流程
2025-10-16 11:02:38.690 [com.deliveryplatform.demo.CoreRequirementsDemo.main()] INFO  com.deliveryplatform.demo.CoreRequirementsDemo - INFO 級別: 用戶登入 userId=USER-123
2025-10-16 11:02:38.690 [com.deliveryplatform.demo.CoreRequirementsDemo.main()] INFO  com.deliveryplatform.demo.CoreRequirementsDemo - INFO 級別: 訂單狀態更新 orderId=ORDER-456, newStatus=DELIVERED
2025-10-16 11:02:38.715 [com.deliveryplatform.demo.CoreRequirementsDemo.main()] WARN  com.deliveryplatform.demo.CoreRequirementsDemo - WARN 級別: 記錄業務邏輯錯誤 (Checked Exception)
2025-10-16 11:02:38.731 [com.deliveryplatform.demo.CoreRequirementsDemo.main()] WARN  com.deliveryplatform.demo.CoreRequirementsDemo - WARN 級別: 餐廳容量已滿 restaurantId=REST-001, currentOrders=10
2025-10-16 11:02:38.731 [com.deliveryplatform.demo.CoreRequirementsDemo.main()] WARN  com.deliveryplatform.demo.CoreRequirementsDemo - WARN 級別: 訂單驗證失敗 orderId=ORDER-789, reason=無效的地址格式
2025-10-16 11:02:38.731 [com.deliveryplatform.demo.CoreRequirementsDemo.main()] ERROR com.deliveryplatform.demo.CoreRequirementsDemo - ERROR 級別: 記錄系統錯誤 (Unchecked Exception)
2025-10-16 11:02:38.731 [com.deliveryplatform.demo.CoreRequirementsDemo.main()] ERROR com.deliveryplatform.demo.CoreRequirementsDemo - ERROR 級別: 資料庫連線失敗
2025-10-16 11:02:38.732 [com.deliveryplatform.demo.CoreRequirementsDemo.main()] ERROR com.deliveryplatform.demo.CoreRequirementsDemo - ERROR 級別: 外部 API 呼叫超時 service=PaymentService, timeout=5000ms
2025-10-16 11:02:38.788 [com.deliveryplatform.demo.CoreRequirementsDemo.main()] INFO  com.deliveryplatform.demo.CoreRequirementsDemo - 日誌級別使用原則總結:
2025-10-16 11:02:38.789 [com.deliveryplatform.demo.CoreRequirementsDemo.main()] INFO  com.deliveryplatform.demo.CoreRequirementsDemo - - INFO: 記錄正常業務操作，用於追蹤系統執行流程
2025-10-16 11:02:38.789 [com.deliveryplatform.demo.CoreRequirementsDemo.main()] INFO  com.deliveryplatform.demo.CoreRequirementsDemo - - WARN: 記錄 Checked Exception (業務邏輯錯誤)，需要關注但不影響系統運行
2025-10-16 11:02:38.789 [com.deliveryplatform.demo.CoreRequirementsDemo.main()] INFO  com.deliveryplatform.demo.CoreRequirementsDemo - - ERROR: 記錄 Unchecked Exception (程式碼邏輯或環境錯誤)，嚴重問題需要立即處理
2025-10-16 11:02:38.789 [com.deliveryplatform.demo.CoreRequirementsDemo.main()] INFO  com.deliveryplatform.demo.CoreRequirementsDemo - 透過這些日誌，我們可以發現後端執行過程中發生的各種問題！
2025-10-16 11:02:38.789 [com.deliveryplatform.demo.CoreRequirementsDemo.main()] INFO  com.deliveryplatform.demo.CoreRequirementsDemo - === 美食外送伺服端功能演示結束 ===
2025-10-16 11:05:13.801 [com.deliveryplatform.demo.SimpleConsoleDemo.main()] INFO  com.deliveryplatform.services.DeliveryService - Driver added to available pool: driverId=DRIVER-001
2025-10-16 11:05:13.805 [com.deliveryplatform.demo.SimpleConsoleDemo.main()] INFO  com.deliveryplatform.services.DeliveryService - Driver added to available pool: driverId=DRIVER-002
2025-10-16 11:05:13.805 [com.deliveryplatform.demo.SimpleConsoleDemo.main()] INFO  com.deliveryplatform.services.DeliveryService - Driver added to available pool: driverId=DRIVER-003
2025-10-16 11:05:13.805 [com.deliveryplatform.demo.SimpleConsoleDemo.main()] INFO  com.deliveryplatform.services.DeliveryService - Driver added to available pool: driverId=DRIVER-004
2025-10-16 11:05:13.805 [com.deliveryplatform.demo.SimpleConsoleDemo.main()] INFO  com.deliveryplatform.services.DeliveryService - Driver added to available pool: driverId=DRIVER-005
2025-10-16 11:05:13.807 [com.deliveryplatform.demo.SimpleConsoleDemo.main()] INFO  com.deliveryplatform.services.OrderService - Creating order: customerId=null, restaurantId=null, itemCount=0
2025-10-16 11:05:13.812 [com.deliveryplatform.demo.SimpleConsoleDemo.main()] WARN  com.deliveryplatform.services.OrderService - Order validation failed: customerId=null, restaurantId=null, errors=[Customer ID is required, Restaurant ID is required, Delivery address is required, Order must have at least one item]
2025-10-16 11:05:13.852 [com.deliveryplatform.demo.SimpleConsoleDemo.main()] INFO  com.deliveryplatform.services.OrderService - Creating order: customerId=CUST-001, restaurantId=REST-001, itemCount=1
2025-10-16 11:05:13.862 [com.deliveryplatform.demo.SimpleConsoleDemo.main()] INFO  com.deliveryplatform.models.Order - Order created: orderId=ORD-29C4E191, customerId=CUST-001, restaurantId=REST-001, amount=15.99
2025-10-16 11:05:13.865 [com.deliveryplatform.demo.SimpleConsoleDemo.main()] INFO  com.deliveryplatform.services.OrderService - Order created successfully: orderId=ORD-29C4E191, amount=15.99
2025-10-16 11:05:13.865 [com.deliveryplatform.demo.SimpleConsoleDemo.main()] INFO  com.deliveryplatform.services.RestaurantServiceImpl - 餐廳 REST-001 嘗試接單 ORD-29C4E191
2025-10-16 11:05:13.867 [com.deliveryplatform.demo.SimpleConsoleDemo.main()] INFO  com.deliveryplatform.models.Order - Order status transition: orderId=ORD-29C4E191, from=PENDING, to=ACCEPTED
2025-10-16 11:05:13.867 [com.deliveryplatform.demo.SimpleConsoleDemo.main()] INFO  com.deliveryplatform.services.RestaurantServiceImpl - 餐廳 REST-001 成功接單 ORD-29C4E191
2025-10-16 11:05:13.868 [com.deliveryplatform.demo.SimpleConsoleDemo.main()] INFO  com.deliveryplatform.services.RestaurantServiceImpl - 餐廳 REST-001 開始製作訂單 ORD-29C4E191
2025-10-16 11:05:13.868 [com.deliveryplatform.demo.SimpleConsoleDemo.main()] INFO  com.deliveryplatform.models.Order - Order status transition: orderId=ORD-29C4E191, from=ACCEPTED, to=PREPARING
2025-10-16 11:05:13.868 [com.deliveryplatform.demo.SimpleConsoleDemo.main()] INFO  com.deliveryplatform.services.RestaurantServiceImpl - 餐廳 REST-001 成功開始製作訂單 ORD-29C4E191
2025-10-16 11:05:13.868 [com.deliveryplatform.demo.SimpleConsoleDemo.main()] INFO  com.deliveryplatform.services.RestaurantServiceImpl - 餐廳 REST-001 標記訂單 ORD-29C4E191 完成製作
2025-10-16 11:05:13.871 [com.deliveryplatform.demo.SimpleConsoleDemo.main()] INFO  com.deliveryplatform.models.Order - Order status transition: orderId=ORD-29C4E191, from=PREPARING, to=READY_FOR_DELIVERY
2025-10-16 11:05:13.871 [com.deliveryplatform.demo.SimpleConsoleDemo.main()] INFO  com.deliveryplatform.services.RestaurantServiceImpl - 餐廳 REST-001 成功標記訂單 ORD-29C4E191 完成製作
2025-10-16 11:05:13.871 [com.deliveryplatform.demo.SimpleConsoleDemo.main()] INFO  com.deliveryplatform.services.DeliveryService - Driver added to available pool: driverId=DRIVER-001
2025-10-16 11:05:13.871 [com.deliveryplatform.demo.SimpleConsoleDemo.main()] INFO  com.deliveryplatform.services.DeliveryService - Attempting to assign driver for order: ORD-29C4E191
2025-10-16 11:05:13.873 [com.deliveryplatform.demo.SimpleConsoleDemo.main()] INFO  com.deliveryplatform.models.Order - Driver DRIVER-005 assigned to order ORD-29C4E191
2025-10-16 11:05:13.873 [com.deliveryplatform.demo.SimpleConsoleDemo.main()] INFO  com.deliveryplatform.models.Order - Order status transition: orderId=ORD-29C4E191, from=READY_FOR_DELIVERY, to=IN_DELIVERY
2025-10-16 11:05:13.879 [com.deliveryplatform.demo.SimpleConsoleDemo.main()] INFO  com.deliveryplatform.services.DeliveryService - Driver assigned successfully: orderId=ORD-29C4E191, driverId=DRIVER-005
2025-10-16 11:05:13.879 [com.deliveryplatform.demo.SimpleConsoleDemo.main()] INFO  com.deliveryplatform.services.DeliveryService - Completing delivery: orderId=ORD-29C4E191, driverId=DRIVER-005
2025-10-16 11:05:13.880 [com.deliveryplatform.demo.SimpleConsoleDemo.main()] INFO  com.deliveryplatform.models.Order - Order status transition: orderId=ORD-29C4E191, from=IN_DELIVERY, to=DELIVERED
2025-10-16 11:05:13.880 [com.deliveryplatform.demo.SimpleConsoleDemo.main()] INFO  com.deliveryplatform.services.DeliveryService - Delivery completed successfully: orderId=ORD-29C4E191, driverId=DRIVER-005
2025-10-16 11:05:13.886 [com.deliveryplatform.demo.SimpleConsoleDemo.main()] INFO  com.deliveryplatform.services.RestaurantServiceImpl - 餐廳 NONEXISTENT-RESTAURANT 嘗試接單 FAKE-ORDER
2025-10-16 11:05:13.886 [com.deliveryplatform.demo.SimpleConsoleDemo.main()] WARN  com.deliveryplatform.services.RestaurantServiceImpl - 業務異常 - acceptOrder: orderId=FAKE-ORDER, restaurantId=NONEXISTENT-RESTAURANT, 錯誤=Restaurant NONEXISTENT-RESTAURANT is currently unavailable: 餐廳不存在
2025-10-16 11:05:20.530 [com.deliveryplatform.demo.SimpleConsoleDemo.main()] INFO  com.deliveryplatform.services.DeliveryService - Driver added to available pool: driverId=DRIVER-001
2025-10-16 11:05:20.532 [com.deliveryplatform.demo.SimpleConsoleDemo.main()] INFO  com.deliveryplatform.services.DeliveryService - Driver added to available pool: driverId=DRIVER-002
2025-10-16 11:05:20.532 [com.deliveryplatform.demo.SimpleConsoleDemo.main()] INFO  com.deliveryplatform.services.DeliveryService - Driver added to available pool: driverId=DRIVER-003
2025-10-16 11:05:20.532 [com.deliveryplatform.demo.SimpleConsoleDemo.main()] INFO  com.deliveryplatform.services.DeliveryService - Driver added to available pool: driverId=DRIVER-004
2025-10-16 11:05:20.532 [com.deliveryplatform.demo.SimpleConsoleDemo.main()] INFO  com.deliveryplatform.services.DeliveryService - Driver added to available pool: driverId=DRIVER-005
2025-10-16 11:05:20.539 [com.deliveryplatform.demo.SimpleConsoleDemo.main()] INFO  com.deliveryplatform.services.OrderService - Creating order: customerId=null, restaurantId=null, itemCount=0
2025-10-16 11:05:20.544 [com.deliveryplatform.demo.SimpleConsoleDemo.main()] WARN  com.deliveryplatform.services.OrderService - Order validation failed: customerId=null, restaurantId=null, errors=[Customer ID is required, Restaurant ID is required, Delivery address is required, Order must have at least one item]
2025-10-16 11:05:20.585 [com.deliveryplatform.demo.SimpleConsoleDemo.main()] INFO  com.deliveryplatform.services.OrderService - Creating order: customerId=CUST-001, restaurantId=REST-001, itemCount=1
2025-10-16 11:05:20.597 [com.deliveryplatform.demo.SimpleConsoleDemo.main()] INFO  com.deliveryplatform.models.Order - Order created: orderId=ORD-DBBDFEBA, customerId=CUST-001, restaurantId=REST-001, amount=15.99
2025-10-16 11:05:20.597 [com.deliveryplatform.demo.SimpleConsoleDemo.main()] INFO  com.deliveryplatform.services.OrderService - Order created successfully: orderId=ORD-DBBDFEBA, amount=15.99
2025-10-16 11:05:20.598 [com.deliveryplatform.demo.SimpleConsoleDemo.main()] INFO  com.deliveryplatform.services.RestaurantServiceImpl - 餐廳 REST-001 嘗試接單 ORD-DBBDFEBA
2025-10-16 11:05:20.601 [com.deliveryplatform.demo.SimpleConsoleDemo.main()] INFO  com.deliveryplatform.models.Order - Order status transition: orderId=ORD-DBBDFEBA, from=PENDING, to=ACCEPTED
2025-10-16 11:05:20.601 [com.deliveryplatform.demo.SimpleConsoleDemo.main()] INFO  com.deliveryplatform.services.RestaurantServiceImpl - 餐廳 REST-001 成功接單 ORD-DBBDFEBA
2025-10-16 11:05:20.602 [com.deliveryplatform.demo.SimpleConsoleDemo.main()] INFO  com.deliveryplatform.services.RestaurantServiceImpl - 餐廳 REST-001 開始製作訂單 ORD-DBBDFEBA
2025-10-16 11:05:20.606 [com.deliveryplatform.demo.SimpleConsoleDemo.main()] INFO  com.deliveryplatform.models.Order - Order status transition: orderId=ORD-DBBDFEBA, from=ACCEPTED, to=PREPARING
2025-10-16 11:05:20.606 [com.deliveryplatform.demo.SimpleConsoleDemo.main()] INFO  com.deliveryplatform.services.RestaurantServiceImpl - 餐廳 REST-001 成功開始製作訂單 ORD-DBBDFEBA
2025-10-16 11:05:20.608 [com.deliveryplatform.demo.SimpleConsoleDemo.main()] INFO  com.deliveryplatform.services.RestaurantServiceImpl - 餐廳 REST-001 標記訂單 ORD-DBBDFEBA 完成製作
2025-10-16 11:05:20.608 [com.deliveryplatform.demo.SimpleConsoleDemo.main()] INFO  com.deliveryplatform.models.Order - Order status transition: orderId=ORD-DBBDFEBA, from=PREPARING, to=READY_FOR_DELIVERY
2025-10-16 11:05:20.608 [com.deliveryplatform.demo.SimpleConsoleDemo.main()] INFO  com.deliveryplatform.services.RestaurantServiceImpl - 餐廳 REST-001 成功標記訂單 ORD-DBBDFEBA 完成製作
2025-10-16 11:05:20.608 [com.deliveryplatform.demo.SimpleConsoleDemo.main()] INFO  com.deliveryplatform.services.DeliveryService - Driver added to available pool: driverId=DRIVER-001
2025-10-16 11:05:20.609 [com.deliveryplatform.demo.SimpleConsoleDemo.main()] INFO  com.deliveryplatform.services.DeliveryService - Attempting to assign driver for order: ORD-DBBDFEBA
2025-10-16 11:05:20.609 [com.deliveryplatform.demo.SimpleConsoleDemo.main()] INFO  com.deliveryplatform.models.Order - Driver DRIVER-005 assigned to order ORD-DBBDFEBA
2025-10-16 11:05:20.625 [com.deliveryplatform.demo.SimpleConsoleDemo.main()] INFO  com.deliveryplatform.models.Order - Order status transition: orderId=ORD-DBBDFEBA, from=READY_FOR_DELIVERY, to=IN_DELIVERY
2025-10-16 11:05:20.625 [com.deliveryplatform.demo.SimpleConsoleDemo.main()] INFO  com.deliveryplatform.services.DeliveryService - Driver assigned successfully: orderId=ORD-DBBDFEBA, driverId=DRIVER-005
2025-10-16 11:05:20.628 [com.deliveryplatform.demo.SimpleConsoleDemo.main()] INFO  com.deliveryplatform.services.DeliveryService - Completing delivery: orderId=ORD-DBBDFEBA, driverId=DRIVER-005
2025-10-16 11:05:20.628 [com.deliveryplatform.demo.SimpleConsoleDemo.main()] INFO  com.deliveryplatform.models.Order - Order status transition: orderId=ORD-DBBDFEBA, from=IN_DELIVERY, to=DELIVERED
2025-10-16 11:05:20.628 [com.deliveryplatform.demo.SimpleConsoleDemo.main()] INFO  com.deliveryplatform.services.DeliveryService - Delivery completed successfully: orderId=ORD-DBBDFEBA, driverId=DRIVER-005
2025-10-16 11:05:20.629 [com.deliveryplatform.demo.SimpleConsoleDemo.main()] INFO  com.deliveryplatform.services.RestaurantServiceImpl - 餐廳 NONEXISTENT-RESTAURANT 嘗試接單 FAKE-ORDER
2025-10-16 11:05:20.629 [com.deliveryplatform.demo.SimpleConsoleDemo.main()] WARN  com.deliveryplatform.services.RestaurantServiceImpl - 業務異常 - acceptOrder: orderId=FAKE-ORDER, restaurantId=NONEXISTENT-RESTAURANT, 錯誤=Restaurant NONEXISTENT-RESTAURANT is currently unavailable: 餐廳不存在
2025-10-16 11:05:23.121 [com.deliveryplatform.demo.BatchTestRunner.main()] INFO  com.deliveryplatform.services.DeliveryService - Driver added to available pool: driverId=DRIVER-001
2025-10-16 11:05:23.124 [com.deliveryplatform.demo.BatchTestRunner.main()] INFO  com.deliveryplatform.services.DeliveryService - Driver added to available pool: driverId=DRIVER-002
2025-10-16 11:05:23.124 [com.deliveryplatform.demo.BatchTestRunner.main()] INFO  com.deliveryplatform.services.DeliveryService - Driver added to available pool: driverId=DRIVER-003
2025-10-16 11:05:23.124 [com.deliveryplatform.demo.BatchTestRunner.main()] INFO  com.deliveryplatform.services.DeliveryService - Driver added to available pool: driverId=DRIVER-004
2025-10-16 11:05:23.124 [com.deliveryplatform.demo.BatchTestRunner.main()] INFO  com.deliveryplatform.services.DeliveryService - Driver added to available pool: driverId=DRIVER-005
2025-10-16 11:05:23.165 [com.deliveryplatform.demo.BatchTestRunner.main()] INFO  com.deliveryplatform.services.OrderService - Creating order: customerId=null, restaurantId=REST-001, itemCount=1
2025-10-16 11:05:23.169 [com.deliveryplatform.demo.BatchTestRunner.main()] WARN  com.deliveryplatform.services.OrderService - Order validation failed: customerId=null, restaurantId=REST-001, errors=[Customer ID is required]
2025-10-16 11:05:23.173 [com.deliveryplatform.demo.BatchTestRunner.main()] INFO  com.deliveryplatform.services.OrderService - Creating order: customerId=CUST-001, restaurantId=null, itemCount=1
2025-10-16 11:05:23.175 [com.deliveryplatform.demo.BatchTestRunner.main()] WARN  com.deliveryplatform.services.OrderService - Order validation failed: customerId=CUST-001, restaurantId=null, errors=[Restaurant ID is required]
2025-10-16 11:05:23.180 [com.deliveryplatform.demo.BatchTestRunner.main()] INFO  com.deliveryplatform.services.OrderService - Creating order: customerId=CUST-001, restaurantId=REST-001, itemCount=0
2025-10-16 11:05:23.180 [com.deliveryplatform.demo.BatchTestRunner.main()] WARN  com.deliveryplatform.services.OrderService - Order validation failed: customerId=CUST-001, restaurantId=REST-001, errors=[Order must have at least one item]
2025-10-16 11:05:23.181 [com.deliveryplatform.demo.BatchTestRunner.main()] INFO  com.deliveryplatform.services.OrderService - Creating order: customerId=CUST-001, restaurantId=REST-001, itemCount=1
2025-10-16 11:05:23.181 [com.deliveryplatform.demo.BatchTestRunner.main()] WARN  com.deliveryplatform.services.OrderService - Order validation failed: customerId=CUST-001, restaurantId=REST-001, errors=[Delivery address is required]
2025-10-16 11:05:23.182 [com.deliveryplatform.demo.BatchTestRunner.main()] INFO  com.deliveryplatform.services.RestaurantServiceImpl - 餐廳 REST-CLOSED 嘗試接單 FAKE-ORDER
2025-10-16 11:05:23.182 [com.deliveryplatform.demo.BatchTestRunner.main()] WARN  com.deliveryplatform.services.RestaurantServiceImpl - 業務異常 - acceptOrder: orderId=FAKE-ORDER, restaurantId=REST-CLOSED, 錯誤=Restaurant REST-CLOSED is currently unavailable: 餐廳已關閉
2025-10-16 11:05:23.188 [com.deliveryplatform.demo.BatchTestRunner.main()] INFO  com.deliveryplatform.services.RestaurantServiceImpl - 餐廳 NONEXISTENT 嘗試接單 FAKE-ORDER
2025-10-16 11:05:23.188 [com.deliveryplatform.demo.BatchTestRunner.main()] WARN  com.deliveryplatform.services.RestaurantServiceImpl - 業務異常 - acceptOrder: orderId=FAKE-ORDER, restaurantId=NONEXISTENT, 錯誤=Restaurant NONEXISTENT is currently unavailable: 餐廳不存在
2025-10-16 11:05:23.190 [com.deliveryplatform.demo.BatchTestRunner.main()] INFO  com.deliveryplatform.services.RestaurantServiceImpl - 餐廳 REST-001 開始製作訂單 NONEXISTENT-ORDER
2025-10-16 11:05:23.191 [com.deliveryplatform.demo.BatchTestRunner.main()] ERROR com.deliveryplatform.services.RestaurantServiceImpl - 系統異常 - startPreparingOrder: orderId=NONEXISTENT-ORDER, restaurantId=REST-001
java.lang.IllegalArgumentException: 訂單不存在: NONEXISTENT-ORDER
	at com.deliveryplatform.services.RestaurantServiceImpl.lambda$getOrderAndValidateOwnership$0(RestaurantServiceImpl.java:246) ~[classes/:?]
	at java.util.Optional.orElseThrow(Optional.java:403) ~[?:?]
	at com.deliveryplatform.services.RestaurantServiceImpl.getOrderAndValidateOwnership(RestaurantServiceImpl.java:246) ~[classes/:?]
	at com.deliveryplatform.services.RestaurantServiceImpl.validateOrderForPreparation(RestaurantServiceImpl.java:221) ~[classes/:?]
	at com.deliveryplatform.services.RestaurantServiceImpl.startPreparingOrder(RestaurantServiceImpl.java:126) [classes/:?]
	at com.deliveryplatform.demo.BatchTestRunner.lambda$testInvalidOrderStateExceptions$0(BatchTestRunner.java:149) [classes/:?]
	at com.deliveryplatform.demo.BatchTestRunner.runTest(BatchTestRunner.java:254) [classes/:?]
	at com.deliveryplatform.demo.BatchTestRunner.testInvalidOrderStateExceptions(BatchTestRunner.java:148) [classes/:?]
	at com.deliveryplatform.demo.BatchTestRunner.runAllTests(BatchTestRunner.java:86) [classes/:?]
	at com.deliveryplatform.demo.BatchTestRunner.main(BatchTestRunner.java:36) [classes/:?]
	at org.codehaus.mojo.exec.ExecJavaMojo.doExec(ExecJavaMojo.java:371) [exec-maven-plugin-3.6.1.jar:3.6.1]
	at org.codehaus.mojo.exec.ExecJavaMojo.lambda$execute$0(ExecJavaMojo.java:289) [exec-maven-plugin-3.6.1.jar:3.6.1]
	at java.lang.Thread.run(Thread.java:1474) [?:?]
2025-10-16 11:05:23.206 [com.deliveryplatform.demo.BatchTestRunner.main()] INFO  com.deliveryplatform.services.OrderService - Creating order: customerId=CUST-001, restaurantId=REST-001, itemCount=1
2025-10-16 11:05:23.212 [com.deliveryplatform.demo.BatchTestRunner.main()] INFO  com.deliveryplatform.models.Order - Order created: orderId=ORD-1E3C06C0, customerId=CUST-001, restaurantId=REST-001, amount=10
2025-10-16 11:05:23.212 [com.deliveryplatform.demo.BatchTestRunner.main()] INFO  com.deliveryplatform.services.OrderService - Order created successfully: orderId=ORD-1E3C06C0, amount=10
2025-10-16 11:05:23.213 [com.deliveryplatform.demo.BatchTestRunner.main()] INFO  com.deliveryplatform.services.RestaurantServiceImpl - 餐廳 REST-001 開始製作訂單 ORD-1E3C06C0
2025-10-16 11:05:23.213 [com.deliveryplatform.demo.BatchTestRunner.main()] WARN  com.deliveryplatform.services.RestaurantServiceImpl - 業務異常 - startPreparingOrder: orderId=ORD-1E3C06C0, restaurantId=REST-001, 錯誤=Cannot transition order ORD-1E3C06C0 from PENDING to PREPARING: 訂單必須為 ACCEPTED 狀態才能開始製作
2025-10-16 11:05:23.213 [com.deliveryplatform.demo.BatchTestRunner.main()] INFO  com.deliveryplatform.services.DeliveryService - Driver removed from available pool: driverId=DRIVER-001
2025-10-16 11:05:23.215 [com.deliveryplatform.demo.BatchTestRunner.main()] INFO  com.deliveryplatform.services.DeliveryService - Driver removed from available pool: driverId=DRIVER-002
2025-10-16 11:05:23.215 [com.deliveryplatform.demo.BatchTestRunner.main()] INFO  com.deliveryplatform.services.DeliveryService - Driver removed from available pool: driverId=DRIVER-003
2025-10-16 11:05:23.215 [com.deliveryplatform.demo.BatchTestRunner.main()] INFO  com.deliveryplatform.services.DeliveryService - Driver removed from available pool: driverId=DRIVER-004
2025-10-16 11:05:23.215 [com.deliveryplatform.demo.BatchTestRunner.main()] INFO  com.deliveryplatform.services.DeliveryService - Driver removed from available pool: driverId=DRIVER-005
2025-10-16 11:05:23.215 [com.deliveryplatform.demo.BatchTestRunner.main()] INFO  com.deliveryplatform.services.DeliveryService - Driver removed from available pool: driverId=DRIVER-006
2025-10-16 11:05:23.217 [com.deliveryplatform.demo.BatchTestRunner.main()] INFO  com.deliveryplatform.services.DeliveryService - Driver removed from available pool: driverId=DRIVER-007
2025-10-16 11:05:23.217 [com.deliveryplatform.demo.BatchTestRunner.main()] INFO  com.deliveryplatform.services.DeliveryService - Driver removed from available pool: driverId=DRIVER-008
2025-10-16 11:05:23.217 [com.deliveryplatform.demo.BatchTestRunner.main()] INFO  com.deliveryplatform.services.DeliveryService - Driver removed from available pool: driverId=DRIVER-009
2025-10-16 11:05:23.217 [com.deliveryplatform.demo.BatchTestRunner.main()] INFO  com.deliveryplatform.services.DeliveryService - Driver removed from available pool: driverId=DRIVER-0010
2025-10-16 11:05:23.218 [com.deliveryplatform.demo.BatchTestRunner.main()] INFO  com.deliveryplatform.services.DeliveryService - Attempting to assign driver for order: FAKE-ORDER
2025-10-16 11:05:23.219 [com.deliveryplatform.demo.BatchTestRunner.main()] WARN  com.deliveryplatform.services.DeliveryService - Business exception in assignDriver: orderId=FAKE-ORDER, error=Cannot transition order FAKE-ORDER from null to IN_DELIVERY: Order must be ready for delivery to assign a driver
2025-10-16 11:05:23.219 [com.deliveryplatform.demo.BatchTestRunner.main()] INFO  com.deliveryplatform.services.DeliveryService - Driver added to available pool: driverId=DRIVER-001
2025-10-16 11:05:23.220 [com.deliveryplatform.demo.BatchTestRunner.main()] INFO  com.deliveryplatform.services.OrderService - Creating order: customerId=CUST-001, restaurantId=REST-001, itemCount=1
2025-10-16 11:05:23.220 [com.deliveryplatform.demo.BatchTestRunner.main()] INFO  com.deliveryplatform.models.Order - Order created: orderId=ORD-4F3A6E16, customerId=CUST-001, restaurantId=REST-001, amount=15.99
2025-10-16 11:05:23.220 [com.deliveryplatform.demo.BatchTestRunner.main()] INFO  com.deliveryplatform.services.OrderService - Order created successfully: orderId=ORD-4F3A6E16, amount=15.99
2025-10-16 11:05:23.220 [com.deliveryplatform.demo.BatchTestRunner.main()] INFO  com.deliveryplatform.services.RestaurantServiceImpl - 餐廳 REST-001 嘗試接單 ORD-4F3A6E16
2025-10-16 11:05:23.220 [com.deliveryplatform.demo.BatchTestRunner.main()] INFO  com.deliveryplatform.models.Order - Order status transition: orderId=ORD-4F3A6E16, from=PENDING, to=ACCEPTED
2025-10-16 11:05:23.221 [com.deliveryplatform.demo.BatchTestRunner.main()] INFO  com.deliveryplatform.services.RestaurantServiceImpl - 餐廳 REST-001 成功接單 ORD-4F3A6E16
2025-10-16 11:05:23.221 [com.deliveryplatform.demo.BatchTestRunner.main()] INFO  com.deliveryplatform.services.RestaurantServiceImpl - 餐廳 REST-001 開始製作訂單 ORD-4F3A6E16
2025-10-16 11:05:23.221 [com.deliveryplatform.demo.BatchTestRunner.main()] INFO  com.deliveryplatform.models.Order - Order status transition: orderId=ORD-4F3A6E16, from=ACCEPTED, to=PREPARING
2025-10-16 11:05:23.221 [com.deliveryplatform.demo.BatchTestRunner.main()] INFO  com.deliveryplatform.services.RestaurantServiceImpl - 餐廳 REST-001 成功開始製作訂單 ORD-4F3A6E16
2025-10-16 11:05:23.223 [com.deliveryplatform.demo.BatchTestRunner.main()] INFO  com.deliveryplatform.services.RestaurantServiceImpl - 餐廳 REST-001 標記訂單 ORD-4F3A6E16 完成製作
2025-10-16 11:05:23.223 [com.deliveryplatform.demo.BatchTestRunner.main()] INFO  com.deliveryplatform.models.Order - Order status transition: orderId=ORD-4F3A6E16, from=PREPARING, to=READY_FOR_DELIVERY
2025-10-16 11:05:23.224 [com.deliveryplatform.demo.BatchTestRunner.main()] INFO  com.deliveryplatform.services.RestaurantServiceImpl - 餐廳 REST-001 成功標記訂單 ORD-4F3A6E16 完成製作
2025-10-16 11:05:23.224 [com.deliveryplatform.demo.BatchTestRunner.main()] INFO  com.deliveryplatform.services.DeliveryService - Attempting to assign driver for order: ORD-4F3A6E16
2025-10-16 11:05:23.224 [com.deliveryplatform.demo.BatchTestRunner.main()] INFO  com.deliveryplatform.models.Order - Driver DRIVER-001 assigned to order ORD-4F3A6E16
2025-10-16 11:05:23.224 [com.deliveryplatform.demo.BatchTestRunner.main()] INFO  com.deliveryplatform.models.Order - Order status transition: orderId=ORD-4F3A6E16, from=READY_FOR_DELIVERY, to=IN_DELIVERY
2025-10-16 11:05:23.224 [com.deliveryplatform.demo.BatchTestRunner.main()] INFO  com.deliveryplatform.services.DeliveryService - Driver assigned successfully: orderId=ORD-4F3A6E16, driverId=DRIVER-001
2025-10-16 11:05:23.224 [com.deliveryplatform.demo.BatchTestRunner.main()] INFO  com.deliveryplatform.services.DeliveryService - Completing delivery: orderId=ORD-4F3A6E16, driverId=DRIVER-001
2025-10-16 11:05:23.226 [com.deliveryplatform.demo.BatchTestRunner.main()] INFO  com.deliveryplatform.models.Order - Order status transition: orderId=ORD-4F3A6E16, from=IN_DELIVERY, to=DELIVERED
2025-10-16 11:05:23.226 [com.deliveryplatform.demo.BatchTestRunner.main()] INFO  com.deliveryplatform.services.DeliveryService - Delivery completed successfully: orderId=ORD-4F3A6E16, driverId=DRIVER-001
2025-10-16 11:05:23.227 [com.deliveryplatform.demo.BatchTestRunner.main()] INFO  com.deliveryplatform.services.OrderService - Creating order: customerId=CUST-001, restaurantId=REST-001, itemCount=1
2025-10-16 11:05:23.227 [com.deliveryplatform.demo.BatchTestRunner.main()] WARN  com.deliveryplatform.services.OrderService - Order validation failed: customerId=CUST-001, restaurantId=REST-001, errors=[Item 1: Unit price must be positive]
2025-10-16 11:05:23.228 [com.deliveryplatform.demo.BatchTestRunner.main()] INFO  com.deliveryplatform.services.OrderService - Creating order: customerId=CUST-001, restaurantId=REST-001, itemCount=1
2025-10-16 11:05:23.231 [com.deliveryplatform.demo.BatchTestRunner.main()] WARN  com.deliveryplatform.services.OrderService - Order validation failed: customerId=CUST-001, restaurantId=REST-001, errors=[Item 1: Quantity must be positive]
2025-10-16 11:05:23.232 [com.deliveryplatform.demo.BatchTestRunner.main()] INFO  com.deliveryplatform.services.OrderService - Creating order: customerId=CUST-001, restaurantId=REST-001, itemCount=1
2025-10-16 11:05:23.232 [com.deliveryplatform.demo.BatchTestRunner.main()] WARN  com.deliveryplatform.services.OrderService - Order validation failed: customerId=CUST-001, restaurantId=REST-001, errors=[Item 1: Item name is required]
2025-10-16 11:05:36.303 [com.deliveryplatform.demo.BatchTestRunner.main()] INFO  com.deliveryplatform.services.DeliveryService - Driver added to available pool: driverId=DRIVER-001
2025-10-16 11:05:36.307 [com.deliveryplatform.demo.BatchTestRunner.main()] INFO  com.deliveryplatform.services.DeliveryService - Driver added to available pool: driverId=DRIVER-002
2025-10-16 11:05:36.307 [com.deliveryplatform.demo.BatchTestRunner.main()] INFO  com.deliveryplatform.services.DeliveryService - Driver added to available pool: driverId=DRIVER-003
2025-10-16 11:05:36.307 [com.deliveryplatform.demo.BatchTestRunner.main()] INFO  com.deliveryplatform.services.DeliveryService - Driver added to available pool: driverId=DRIVER-004
2025-10-16 11:05:36.308 [com.deliveryplatform.demo.BatchTestRunner.main()] INFO  com.deliveryplatform.services.DeliveryService - Driver added to available pool: driverId=DRIVER-005
2025-10-16 11:05:36.370 [com.deliveryplatform.demo.BatchTestRunner.main()] INFO  com.deliveryplatform.services.OrderService - Creating order: customerId=null, restaurantId=REST-001, itemCount=1
2025-10-16 11:05:36.375 [com.deliveryplatform.demo.BatchTestRunner.main()] WARN  com.deliveryplatform.services.OrderService - Order validation failed: customerId=null, restaurantId=REST-001, errors=[Customer ID is required]
2025-10-16 11:05:36.379 [com.deliveryplatform.demo.BatchTestRunner.main()] INFO  com.deliveryplatform.services.OrderService - Creating order: customerId=CUST-001, restaurantId=null, itemCount=1
2025-10-16 11:05:36.387 [com.deliveryplatform.demo.BatchTestRunner.main()] WARN  com.deliveryplatform.services.OrderService - Order validation failed: customerId=CUST-001, restaurantId=null, errors=[Restaurant ID is required]
2025-10-16 11:05:36.389 [com.deliveryplatform.demo.BatchTestRunner.main()] INFO  com.deliveryplatform.services.OrderService - Creating order: customerId=CUST-001, restaurantId=REST-001, itemCount=0
2025-10-16 11:05:36.390 [com.deliveryplatform.demo.BatchTestRunner.main()] WARN  com.deliveryplatform.services.OrderService - Order validation failed: customerId=CUST-001, restaurantId=REST-001, errors=[Order must have at least one item]
2025-10-16 11:05:36.397 [com.deliveryplatform.demo.BatchTestRunner.main()] INFO  com.deliveryplatform.services.OrderService - Creating order: customerId=CUST-001, restaurantId=REST-001, itemCount=1
2025-10-16 11:05:36.398 [com.deliveryplatform.demo.BatchTestRunner.main()] WARN  com.deliveryplatform.services.OrderService - Order validation failed: customerId=CUST-001, restaurantId=REST-001, errors=[Delivery address is required]
2025-10-16 11:05:36.425 [com.deliveryplatform.demo.BatchTestRunner.main()] INFO  com.deliveryplatform.services.RestaurantServiceImpl - 餐廳 REST-CLOSED 嘗試接單 FAKE-ORDER
2025-10-16 11:05:36.426 [com.deliveryplatform.demo.BatchTestRunner.main()] WARN  com.deliveryplatform.services.RestaurantServiceImpl - 業務異常 - acceptOrder: orderId=FAKE-ORDER, restaurantId=REST-CLOSED, 錯誤=Restaurant REST-CLOSED is currently unavailable: 餐廳已關閉
2025-10-16 11:05:36.427 [com.deliveryplatform.demo.BatchTestRunner.main()] INFO  com.deliveryplatform.services.RestaurantServiceImpl - 餐廳 NONEXISTENT 嘗試接單 FAKE-ORDER
2025-10-16 11:05:36.428 [com.deliveryplatform.demo.BatchTestRunner.main()] WARN  com.deliveryplatform.services.RestaurantServiceImpl - 業務異常 - acceptOrder: orderId=FAKE-ORDER, restaurantId=NONEXISTENT, 錯誤=Restaurant NONEXISTENT is currently unavailable: 餐廳不存在
2025-10-16 11:05:36.432 [com.deliveryplatform.demo.BatchTestRunner.main()] INFO  com.deliveryplatform.services.RestaurantServiceImpl - 餐廳 REST-001 開始製作訂單 NONEXISTENT-ORDER
2025-10-16 11:05:36.443 [com.deliveryplatform.demo.BatchTestRunner.main()] ERROR com.deliveryplatform.services.RestaurantServiceImpl - 系統異常 - startPreparingOrder: orderId=NONEXISTENT-ORDER, restaurantId=REST-001
java.lang.IllegalArgumentException: 訂單不存在: NONEXISTENT-ORDER
	at com.deliveryplatform.services.RestaurantServiceImpl.lambda$getOrderAndValidateOwnership$0(RestaurantServiceImpl.java:246) ~[classes/:?]
	at java.util.Optional.orElseThrow(Optional.java:403) ~[?:?]
	at com.deliveryplatform.services.RestaurantServiceImpl.getOrderAndValidateOwnership(RestaurantServiceImpl.java:246) ~[classes/:?]
	at com.deliveryplatform.services.RestaurantServiceImpl.validateOrderForPreparation(RestaurantServiceImpl.java:221) ~[classes/:?]
	at com.deliveryplatform.services.RestaurantServiceImpl.startPreparingOrder(RestaurantServiceImpl.java:126) [classes/:?]
	at com.deliveryplatform.demo.BatchTestRunner.lambda$testInvalidOrderStateExceptions$0(BatchTestRunner.java:149) [classes/:?]
	at com.deliveryplatform.demo.BatchTestRunner.runTest(BatchTestRunner.java:254) [classes/:?]
	at com.deliveryplatform.demo.BatchTestRunner.testInvalidOrderStateExceptions(BatchTestRunner.java:148) [classes/:?]
	at com.deliveryplatform.demo.BatchTestRunner.runAllTests(BatchTestRunner.java:86) [classes/:?]
	at com.deliveryplatform.demo.BatchTestRunner.main(BatchTestRunner.java:36) [classes/:?]
	at org.codehaus.mojo.exec.ExecJavaMojo.doExec(ExecJavaMojo.java:371) [exec-maven-plugin-3.6.1.jar:3.6.1]
	at org.codehaus.mojo.exec.ExecJavaMojo.lambda$execute$0(ExecJavaMojo.java:289) [exec-maven-plugin-3.6.1.jar:3.6.1]
	at java.lang.Thread.run(Thread.java:1474) [?:?]
2025-10-16 11:05:36.475 [com.deliveryplatform.demo.BatchTestRunner.main()] INFO  com.deliveryplatform.services.OrderService - Creating order: customerId=CUST-001, restaurantId=REST-001, itemCount=1
2025-10-16 11:05:36.496 [com.deliveryplatform.demo.BatchTestRunner.main()] INFO  com.deliveryplatform.models.Order - Order created: orderId=ORD-A77E0269, customerId=CUST-001, restaurantId=REST-001, amount=10
2025-10-16 11:05:36.499 [com.deliveryplatform.demo.BatchTestRunner.main()] INFO  com.deliveryplatform.services.OrderService - Order created successfully: orderId=ORD-A77E0269, amount=10
2025-10-16 11:05:36.499 [com.deliveryplatform.demo.BatchTestRunner.main()] INFO  com.deliveryplatform.services.RestaurantServiceImpl - 餐廳 REST-001 開始製作訂單 ORD-A77E0269
2025-10-16 11:05:36.499 [com.deliveryplatform.demo.BatchTestRunner.main()] WARN  com.deliveryplatform.services.RestaurantServiceImpl - 業務異常 - startPreparingOrder: orderId=ORD-A77E0269, restaurantId=REST-001, 錯誤=Cannot transition order ORD-A77E0269 from PENDING to PREPARING: 訂單必須為 ACCEPTED 狀態才能開始製作
2025-10-16 11:05:36.500 [com.deliveryplatform.demo.BatchTestRunner.main()] INFO  com.deliveryplatform.services.DeliveryService - Driver removed from available pool: driverId=DRIVER-001
2025-10-16 11:05:36.500 [com.deliveryplatform.demo.BatchTestRunner.main()] INFO  com.deliveryplatform.services.DeliveryService - Driver removed from available pool: driverId=DRIVER-002
2025-10-16 11:05:36.500 [com.deliveryplatform.demo.BatchTestRunner.main()] INFO  com.deliveryplatform.services.DeliveryService - Driver removed from available pool: driverId=DRIVER-003
2025-10-16 11:05:36.500 [com.deliveryplatform.demo.BatchTestRunner.main()] INFO  com.deliveryplatform.services.DeliveryService - Driver removed from available pool: driverId=DRIVER-004
2025-10-16 11:05:36.500 [com.deliveryplatform.demo.BatchTestRunner.main()] INFO  com.deliveryplatform.services.DeliveryService - Driver removed from available pool: driverId=DRIVER-005
2025-10-16 11:05:36.501 [com.deliveryplatform.demo.BatchTestRunner.main()] INFO  com.deliveryplatform.services.DeliveryService - Driver removed from available pool: driverId=DRIVER-006
2025-10-16 11:05:36.521 [com.deliveryplatform.demo.BatchTestRunner.main()] INFO  com.deliveryplatform.services.DeliveryService - Driver removed from available pool: driverId=DRIVER-007
2025-10-16 11:05:36.521 [com.deliveryplatform.demo.BatchTestRunner.main()] INFO  com.deliveryplatform.services.DeliveryService - Driver removed from available pool: driverId=DRIVER-008
2025-10-16 11:05:36.522 [com.deliveryplatform.demo.BatchTestRunner.main()] INFO  com.deliveryplatform.services.DeliveryService - Driver removed from available pool: driverId=DRIVER-009
2025-10-16 11:05:36.522 [com.deliveryplatform.demo.BatchTestRunner.main()] INFO  com.deliveryplatform.services.DeliveryService - Driver removed from available pool: driverId=DRIVER-0010
2025-10-16 11:05:36.524 [com.deliveryplatform.demo.BatchTestRunner.main()] INFO  com.deliveryplatform.services.DeliveryService - Attempting to assign driver for order: FAKE-ORDER
2025-10-16 11:05:36.526 [com.deliveryplatform.demo.BatchTestRunner.main()] WARN  com.deliveryplatform.services.DeliveryService - Business exception in assignDriver: orderId=FAKE-ORDER, error=Cannot transition order FAKE-ORDER from null to IN_DELIVERY: Order must be ready for delivery to assign a driver
2025-10-16 11:05:36.528 [com.deliveryplatform.demo.BatchTestRunner.main()] INFO  com.deliveryplatform.services.DeliveryService - Driver added to available pool: driverId=DRIVER-001
2025-10-16 11:05:36.528 [com.deliveryplatform.demo.BatchTestRunner.main()] INFO  com.deliveryplatform.services.OrderService - Creating order: customerId=CUST-001, restaurantId=REST-001, itemCount=1
2025-10-16 11:05:36.529 [com.deliveryplatform.demo.BatchTestRunner.main()] INFO  com.deliveryplatform.models.Order - Order created: orderId=ORD-1FCB8F8A, customerId=CUST-001, restaurantId=REST-001, amount=15.99
2025-10-16 11:05:36.538 [com.deliveryplatform.demo.BatchTestRunner.main()] INFO  com.deliveryplatform.services.OrderService - Order created successfully: orderId=ORD-1FCB8F8A, amount=15.99
2025-10-16 11:05:36.539 [com.deliveryplatform.demo.BatchTestRunner.main()] INFO  com.deliveryplatform.services.RestaurantServiceImpl - 餐廳 REST-001 嘗試接單 ORD-1FCB8F8A
2025-10-16 11:05:36.545 [com.deliveryplatform.demo.BatchTestRunner.main()] INFO  com.deliveryplatform.models.Order - Order status transition: orderId=ORD-1FCB8F8A, from=PENDING, to=ACCEPTED
2025-10-16 11:05:36.546 [com.deliveryplatform.demo.BatchTestRunner.main()] INFO  com.deliveryplatform.services.RestaurantServiceImpl - 餐廳 REST-001 成功接單 ORD-1FCB8F8A
2025-10-16 11:05:36.546 [com.deliveryplatform.demo.BatchTestRunner.main()] INFO  com.deliveryplatform.services.RestaurantServiceImpl - 餐廳 REST-001 開始製作訂單 ORD-1FCB8F8A
2025-10-16 11:05:36.546 [com.deliveryplatform.demo.BatchTestRunner.main()] INFO  com.deliveryplatform.models.Order - Order status transition: orderId=ORD-1FCB8F8A, from=ACCEPTED, to=PREPARING
2025-10-16 11:05:36.546 [com.deliveryplatform.demo.BatchTestRunner.main()] INFO  com.deliveryplatform.services.RestaurantServiceImpl - 餐廳 REST-001 成功開始製作訂單 ORD-1FCB8F8A
2025-10-16 11:05:36.546 [com.deliveryplatform.demo.BatchTestRunner.main()] INFO  com.deliveryplatform.services.RestaurantServiceImpl - 餐廳 REST-001 標記訂單 ORD-1FCB8F8A 完成製作
2025-10-16 11:05:36.546 [com.deliveryplatform.demo.BatchTestRunner.main()] INFO  com.deliveryplatform.models.Order - Order status transition: orderId=ORD-1FCB8F8A, from=PREPARING, to=READY_FOR_DELIVERY
2025-10-16 11:05:36.546 [com.deliveryplatform.demo.BatchTestRunner.main()] INFO  com.deliveryplatform.services.RestaurantServiceImpl - 餐廳 REST-001 成功標記訂單 ORD-1FCB8F8A 完成製作
2025-10-16 11:05:36.547 [com.deliveryplatform.demo.BatchTestRunner.main()] INFO  com.deliveryplatform.services.DeliveryService - Attempting to assign driver for order: ORD-1FCB8F8A
2025-10-16 11:05:36.547 [com.deliveryplatform.demo.BatchTestRunner.main()] INFO  com.deliveryplatform.models.Order - Driver DRIVER-001 assigned to order ORD-1FCB8F8A
2025-10-16 11:05:36.547 [com.deliveryplatform.demo.BatchTestRunner.main()] INFO  com.deliveryplatform.models.Order - Order status transition: orderId=ORD-1FCB8F8A, from=READY_FOR_DELIVERY, to=IN_DELIVERY
2025-10-16 11:05:36.547 [com.deliveryplatform.demo.BatchTestRunner.main()] INFO  com.deliveryplatform.services.DeliveryService - Driver assigned successfully: orderId=ORD-1FCB8F8A, driverId=DRIVER-001
2025-10-16 11:05:36.547 [com.deliveryplatform.demo.BatchTestRunner.main()] INFO  com.deliveryplatform.services.DeliveryService - Completing delivery: orderId=ORD-1FCB8F8A, driverId=DRIVER-001
2025-10-16 11:05:36.548 [com.deliveryplatform.demo.BatchTestRunner.main()] INFO  com.deliveryplatform.models.Order - Order status transition: orderId=ORD-1FCB8F8A, from=IN_DELIVERY, to=DELIVERED
2025-10-16 11:05:36.548 [com.deliveryplatform.demo.BatchTestRunner.main()] INFO  com.deliveryplatform.services.DeliveryService - Delivery completed successfully: orderId=ORD-1FCB8F8A, driverId=DRIVER-001
2025-10-16 11:05:36.552 [com.deliveryplatform.demo.BatchTestRunner.main()] INFO  com.deliveryplatform.services.OrderService - Creating order: customerId=CUST-001, restaurantId=REST-001, itemCount=1
2025-10-16 11:05:36.553 [com.deliveryplatform.demo.BatchTestRunner.main()] WARN  com.deliveryplatform.services.OrderService - Order validation failed: customerId=CUST-001, restaurantId=REST-001, errors=[Item 1: Unit price must be positive]
2025-10-16 11:05:36.575 [com.deliveryplatform.demo.BatchTestRunner.main()] INFO  com.deliveryplatform.services.OrderService - Creating order: customerId=CUST-001, restaurantId=REST-001, itemCount=1
2025-10-16 11:05:36.578 [com.deliveryplatform.demo.BatchTestRunner.main()] WARN  com.deliveryplatform.services.OrderService - Order validation failed: customerId=CUST-001, restaurantId=REST-001, errors=[Item 1: Quantity must be positive]
2025-10-16 11:05:36.579 [com.deliveryplatform.demo.BatchTestRunner.main()] INFO  com.deliveryplatform.services.OrderService - Creating order: customerId=CUST-001, restaurantId=REST-001, itemCount=1
2025-10-16 11:05:36.581 [com.deliveryplatform.demo.BatchTestRunner.main()] WARN  com.deliveryplatform.services.OrderService - Order validation failed: customerId=CUST-001, restaurantId=REST-001, errors=[Item 1: Item name is required]
2025-10-16 11:05:37.317 [main] INFO  com.deliveryplatform.services.DeliveryService - Driver added to available pool: driverId=DRIVER-001
2025-10-16 11:05:37.320 [main] INFO  com.deliveryplatform.services.DeliveryService - Driver added to available pool: driverId=DRIVER-002
2025-10-16 11:05:37.320 [main] INFO  com.deliveryplatform.services.DeliveryService - Driver added to available pool: driverId=DRIVER-003
2025-10-16 11:05:37.321 [main] INFO  com.deliveryplatform.services.DeliveryService - Driver added to available pool: driverId=DRIVER-004
2025-10-16 11:05:37.321 [main] INFO  com.deliveryplatform.services.DeliveryService - Driver added to available pool: driverId=DRIVER-005
2025-10-16 11:05:37.445 [main] INFO  com.deliveryplatform.services.DeliveryService - Driver added to available pool: driverId=DRIVER-001
2025-10-16 11:05:37.446 [main] INFO  com.deliveryplatform.services.DeliveryService - Driver added to available pool: driverId=DRIVER-002
2025-10-16 11:05:37.450 [main] INFO  com.deliveryplatform.services.OrderService - Creating order: customerId=CUST-004, restaurantId=REST-001, itemCount=2
2025-10-16 11:05:37.512 [main] INFO  com.deliveryplatform.models.Order - Order created: orderId=ORD-6CC67BF5, customerId=CUST-004, restaurantId=REST-001, amount=20.99
2025-10-16 11:05:37.514 [main] INFO  com.deliveryplatform.services.OrderService - Order created successfully: orderId=ORD-6CC67BF5, amount=20.99
2025-10-16 11:05:37.528 [main] INFO  com.deliveryplatform.services.RestaurantServiceImpl - 餐廳 NONEXISTENT-REST 嘗試接單 ORD-6CC67BF5
2025-10-16 11:05:37.533 [main] WARN  com.deliveryplatform.services.RestaurantServiceImpl - 業務異常 - acceptOrder: orderId=ORD-6CC67BF5, restaurantId=NONEXISTENT-REST, 錯誤=Restaurant NONEXISTENT-REST is currently unavailable: 餐廳不存在
2025-10-16 11:05:37.545 [main] INFO  com.deliveryplatform.services.DeliveryService - Driver added to available pool: driverId=DRIVER-001
2025-10-16 11:05:37.546 [main] INFO  com.deliveryplatform.services.DeliveryService - Driver added to available pool: driverId=DRIVER-002
2025-10-16 11:05:37.546 [main] INFO  com.deliveryplatform.services.DeliveryService - Driver added to available pool: driverId=DRIVER-003
2025-10-16 11:05:37.546 [main] INFO  com.deliveryplatform.services.DeliveryService - Driver added to available pool: driverId=DRIVER-004
2025-10-16 11:05:37.546 [main] INFO  com.deliveryplatform.services.DeliveryService - Driver added to available pool: driverId=DRIVER-005
2025-10-16 11:05:37.548 [main] INFO  com.deliveryplatform.services.DeliveryService - Driver added to available pool: driverId=DRIVER-001
2025-10-16 11:05:37.548 [main] INFO  com.deliveryplatform.services.DeliveryService - Driver added to available pool: driverId=DRIVER-002
2025-10-16 11:05:37.548 [main] INFO  com.deliveryplatform.services.OrderService - Creating order: customerId=CUST-005, restaurantId=REST-001, itemCount=2
2025-10-16 11:05:37.549 [main] INFO  com.deliveryplatform.models.Order - Order created: orderId=ORD-18C62A95, customerId=CUST-005, restaurantId=REST-001, amount=20.99
2025-10-16 11:05:37.549 [main] INFO  com.deliveryplatform.services.OrderService - Order created successfully: orderId=ORD-18C62A95, amount=20.99
2025-10-16 11:05:37.550 [main] INFO  com.deliveryplatform.services.RestaurantServiceImpl - 餐廳 REST-001 開始製作訂單 ORD-18C62A95
2025-10-16 11:05:37.551 [main] WARN  com.deliveryplatform.services.RestaurantServiceImpl - 業務異常 - startPreparingOrder: orderId=ORD-18C62A95, restaurantId=REST-001, 錯誤=Cannot transition order ORD-18C62A95 from PENDING to PREPARING: 訂單必須為 ACCEPTED 狀態才能開始製作
2025-10-16 11:05:37.554 [main] INFO  com.deliveryplatform.services.DeliveryService - Driver added to available pool: driverId=DRIVER-001
2025-10-16 11:05:37.554 [main] INFO  com.deliveryplatform.services.DeliveryService - Driver added to available pool: driverId=DRIVER-002
2025-10-16 11:05:37.555 [main] INFO  com.deliveryplatform.services.DeliveryService - Driver added to available pool: driverId=DRIVER-003
2025-10-16 11:05:37.555 [main] INFO  com.deliveryplatform.services.DeliveryService - Driver added to available pool: driverId=DRIVER-004
2025-10-16 11:05:37.555 [main] INFO  com.deliveryplatform.services.DeliveryService - Driver added to available pool: driverId=DRIVER-005
2025-10-16 11:05:37.555 [main] INFO  com.deliveryplatform.services.DeliveryService - Driver added to available pool: driverId=DRIVER-001
2025-10-16 11:05:37.555 [main] INFO  com.deliveryplatform.services.DeliveryService - Driver added to available pool: driverId=DRIVER-002
2025-10-16 11:05:37.556 [main] INFO  com.deliveryplatform.services.OrderService - Creating order: customerId=CUST-003, restaurantId=REST-001, itemCount=0
2025-10-16 11:05:37.559 [main] WARN  com.deliveryplatform.services.OrderService - Order validation failed: customerId=CUST-003, restaurantId=REST-001, errors=[Order must have at least one item]
2025-10-16 11:05:37.560 [main] INFO  com.deliveryplatform.services.OrderService - Creating order: customerId=CUST-003, restaurantId=REST-001, itemCount=2
2025-10-16 11:05:37.561 [main] WARN  com.deliveryplatform.services.OrderService - Order validation failed: customerId=CUST-003, restaurantId=REST-001, errors=[Delivery address is required]
2025-10-16 11:05:37.564 [main] INFO  com.deliveryplatform.services.DeliveryService - Driver added to available pool: driverId=DRIVER-001
2025-10-16 11:05:37.564 [main] INFO  com.deliveryplatform.services.DeliveryService - Driver added to available pool: driverId=DRIVER-002
2025-10-16 11:05:37.565 [main] INFO  com.deliveryplatform.services.DeliveryService - Driver added to available pool: driverId=DRIVER-003
2025-10-16 11:05:37.565 [main] INFO  com.deliveryplatform.services.DeliveryService - Driver added to available pool: driverId=DRIVER-004
2025-10-16 11:05:37.565 [main] INFO  com.deliveryplatform.services.DeliveryService - Driver added to available pool: driverId=DRIVER-005
2025-10-16 11:05:37.566 [main] INFO  com.deliveryplatform.services.DeliveryService - Driver added to available pool: driverId=DRIVER-001
2025-10-16 11:05:37.566 [main] INFO  com.deliveryplatform.services.DeliveryService - Driver added to available pool: driverId=DRIVER-002
2025-10-16 11:05:37.567 [main] INFO  com.deliveryplatform.services.OrderService - Creating order: customerId=CUST-001, restaurantId=REST-001, itemCount=2
2025-10-16 11:05:37.567 [main] INFO  com.deliveryplatform.models.Order - Order created: orderId=ORD-898D7CE4, customerId=CUST-001, restaurantId=REST-001, amount=20.99
2025-10-16 11:05:37.567 [main] INFO  com.deliveryplatform.services.OrderService - Order created successfully: orderId=ORD-898D7CE4, amount=20.99
2025-10-16 11:05:37.569 [main] INFO  com.deliveryplatform.services.RestaurantServiceImpl - 餐廳 REST-001 嘗試接單 ORD-898D7CE4
2025-10-16 11:05:37.570 [main] INFO  com.deliveryplatform.models.Order - Order status transition: orderId=ORD-898D7CE4, from=PENDING, to=ACCEPTED
2025-10-16 11:05:37.570 [main] INFO  com.deliveryplatform.services.RestaurantServiceImpl - 餐廳 REST-001 成功接單 ORD-898D7CE4
2025-10-16 11:05:37.571 [main] INFO  com.deliveryplatform.services.RestaurantServiceImpl - 餐廳 REST-001 開始製作訂單 ORD-898D7CE4
2025-10-16 11:05:37.571 [main] INFO  com.deliveryplatform.models.Order - Order status transition: orderId=ORD-898D7CE4, from=ACCEPTED, to=PREPARING
2025-10-16 11:05:37.571 [main] INFO  com.deliveryplatform.services.RestaurantServiceImpl - 餐廳 REST-001 成功開始製作訂單 ORD-898D7CE4
2025-10-16 11:05:37.572 [main] INFO  com.deliveryplatform.services.RestaurantServiceImpl - 餐廳 REST-001 標記訂單 ORD-898D7CE4 完成製作
2025-10-16 11:05:37.572 [main] INFO  com.deliveryplatform.models.Order - Order status transition: orderId=ORD-898D7CE4, from=PREPARING, to=READY_FOR_DELIVERY
2025-10-16 11:05:37.572 [main] INFO  com.deliveryplatform.services.RestaurantServiceImpl - 餐廳 REST-001 成功標記訂單 ORD-898D7CE4 完成製作
2025-10-16 11:05:37.572 [main] INFO  com.deliveryplatform.services.DeliveryService - Attempting to assign driver for order: ORD-898D7CE4
2025-10-16 11:05:37.573 [main] INFO  com.deliveryplatform.models.Order - Driver DRIVER-005 assigned to order ORD-898D7CE4
2025-10-16 11:05:37.573 [main] INFO  com.deliveryplatform.models.Order - Order status transition: orderId=ORD-898D7CE4, from=READY_FOR_DELIVERY, to=IN_DELIVERY
2025-10-16 11:05:37.574 [main] INFO  com.deliveryplatform.services.DeliveryService - Driver assigned successfully: orderId=ORD-898D7CE4, driverId=DRIVER-005
2025-10-16 11:05:37.574 [main] INFO  com.deliveryplatform.services.DeliveryService - Completing delivery: orderId=ORD-898D7CE4, driverId=DRIVER-005
2025-10-16 11:05:37.574 [main] INFO  com.deliveryplatform.models.Order - Order status transition: orderId=ORD-898D7CE4, from=IN_DELIVERY, to=DELIVERED
2025-10-16 11:05:37.575 [main] INFO  com.deliveryplatform.services.DeliveryService - Delivery completed successfully: orderId=ORD-898D7CE4, driverId=DRIVER-005
2025-10-16 11:05:37.594 [main] INFO  com.deliveryplatform.services.DeliveryService - Driver added to available pool: driverId=DRIVER-001
2025-10-16 11:05:37.595 [main] INFO  com.deliveryplatform.services.DeliveryService - Driver added to available pool: driverId=DRIVER-002
2025-10-16 11:05:37.595 [main] INFO  com.deliveryplatform.services.DeliveryService - Driver added to available pool: driverId=DRIVER-003
2025-10-16 11:05:37.595 [main] INFO  com.deliveryplatform.services.DeliveryService - Driver added to available pool: driverId=DRIVER-004
2025-10-16 11:05:37.595 [main] INFO  com.deliveryplatform.services.DeliveryService - Driver added to available pool: driverId=DRIVER-005
2025-10-16 11:05:37.595 [main] INFO  com.deliveryplatform.services.DeliveryService - Driver added to available pool: driverId=DRIVER-001
2025-10-16 11:05:37.596 [main] INFO  com.deliveryplatform.services.DeliveryService - Driver added to available pool: driverId=DRIVER-002
2025-10-16 11:05:37.596 [main] INFO  com.deliveryplatform.services.OrderService - Creating order: customerId=CUST-002, restaurantId=REST-001, itemCount=2
2025-10-16 11:05:37.597 [main] INFO  com.deliveryplatform.models.Order - Order created: orderId=ORD-1C213E2F, customerId=CUST-002, restaurantId=REST-001, amount=20.99
2025-10-16 11:05:37.597 [main] INFO  com.deliveryplatform.services.OrderService - Order created successfully: orderId=ORD-1C213E2F, amount=20.99
2025-10-16 11:05:37.598 [main] INFO  com.deliveryplatform.services.RestaurantServiceImpl - 餐廳 REST-001 拒絕訂單 ORD-1C213E2F - 原因: 餐廳太忙
2025-10-16 11:05:37.599 [main] INFO  com.deliveryplatform.models.Order - Order status transition: orderId=ORD-1C213E2F, from=PENDING, to=REJECTED
2025-10-16 11:05:37.599 [main] INFO  com.deliveryplatform.services.RestaurantServiceImpl - 餐廳 REST-001 成功拒絕訂單 ORD-1C213E2F - 原因: 餐廳太忙
2025-10-16 11:05:37.601 [main] INFO  com.deliveryplatform.services.DeliveryService - Driver added to available pool: driverId=DRIVER-001
2025-10-16 11:05:37.601 [main] INFO  com.deliveryplatform.services.DeliveryService - Driver added to available pool: driverId=DRIVER-002
2025-10-16 11:05:37.602 [main] INFO  com.deliveryplatform.services.DeliveryService - Driver added to available pool: driverId=DRIVER-003
2025-10-16 11:05:37.602 [main] INFO  com.deliveryplatform.services.DeliveryService - Driver added to available pool: driverId=DRIVER-004
2025-10-16 11:05:37.602 [main] INFO  com.deliveryplatform.services.DeliveryService - Driver added to available pool: driverId=DRIVER-005
2025-10-16 11:05:37.602 [main] INFO  com.deliveryplatform.services.DeliveryService - Driver added to available pool: driverId=DRIVER-001
2025-10-16 11:05:37.602 [main] INFO  com.deliveryplatform.services.DeliveryService - Driver added to available pool: driverId=DRIVER-002
2025-10-16 11:05:37.602 [main] INFO  com.deliveryplatform.services.OrderService - Creating order: customerId=CUST-006, restaurantId=REST-001, itemCount=2
2025-10-16 11:05:37.603 [main] INFO  com.deliveryplatform.models.Order - Order created: orderId=ORD-38ABA744, customerId=CUST-006, restaurantId=REST-001, amount=20.99
2025-10-16 11:05:37.603 [main] INFO  com.deliveryplatform.services.OrderService - Order created successfully: orderId=ORD-38ABA744, amount=20.99
2025-10-16 11:05:37.603 [main] INFO  com.deliveryplatform.services.RestaurantServiceImpl - 餐廳 REST-001 嘗試接單 ORD-38ABA744
2025-10-16 11:05:37.604 [main] INFO  com.deliveryplatform.models.Order - Order status transition: orderId=ORD-38ABA744, from=PENDING, to=ACCEPTED
2025-10-16 11:05:37.604 [main] INFO  com.deliveryplatform.services.RestaurantServiceImpl - 餐廳 REST-001 成功接單 ORD-38ABA744
2025-10-16 11:05:37.604 [main] INFO  com.deliveryplatform.services.RestaurantServiceImpl - 餐廳 REST-001 開始製作訂單 ORD-38ABA744
2025-10-16 11:05:37.604 [main] INFO  com.deliveryplatform.models.Order - Order status transition: orderId=ORD-38ABA744, from=ACCEPTED, to=PREPARING
2025-10-16 11:05:37.604 [main] INFO  com.deliveryplatform.services.RestaurantServiceImpl - 餐廳 REST-001 成功開始製作訂單 ORD-38ABA744
2025-10-16 11:05:37.604 [main] INFO  com.deliveryplatform.services.RestaurantServiceImpl - 餐廳 REST-001 標記訂單 ORD-38ABA744 完成製作
2025-10-16 11:05:37.604 [main] INFO  com.deliveryplatform.models.Order - Order status transition: orderId=ORD-38ABA744, from=PREPARING, to=READY_FOR_DELIVERY
2025-10-16 11:05:37.605 [main] INFO  com.deliveryplatform.services.RestaurantServiceImpl - 餐廳 REST-001 成功標記訂單 ORD-38ABA744 完成製作
2025-10-16 11:05:37.605 [main] INFO  com.deliveryplatform.services.DeliveryService - Driver added to available pool: driverId=DRIVER-001
2025-10-16 11:05:37.605 [main] INFO  com.deliveryplatform.services.DeliveryService - Driver added to available pool: driverId=DRIVER-002
2025-10-16 11:05:37.605 [main] INFO  com.deliveryplatform.services.DeliveryService - Driver added to available pool: driverId=DRIVER-003
2025-10-16 11:05:37.605 [main] INFO  com.deliveryplatform.services.DeliveryService - Driver added to available pool: driverId=DRIVER-004
2025-10-16 11:05:37.605 [main] INFO  com.deliveryplatform.services.DeliveryService - Driver added to available pool: driverId=DRIVER-005
2025-10-16 11:05:37.606 [main] INFO  com.deliveryplatform.services.DeliveryService - Driver removed from available pool: driverId=DRIVER-001
2025-10-16 11:05:37.606 [main] INFO  com.deliveryplatform.services.DeliveryService - Driver removed from available pool: driverId=DRIVER-002
2025-10-16 11:05:37.606 [main] INFO  com.deliveryplatform.services.DeliveryService - Driver removed from available pool: driverId=DRIVER-003
2025-10-16 11:05:37.606 [main] INFO  com.deliveryplatform.services.DeliveryService - Driver removed from available pool: driverId=DRIVER-004
2025-10-16 11:05:37.606 [main] INFO  com.deliveryplatform.services.DeliveryService - Driver removed from available pool: driverId=DRIVER-005
2025-10-16 11:05:37.607 [main] INFO  com.deliveryplatform.services.DeliveryService - Driver removed from available pool: driverId=DRIVER-006
2025-10-16 11:05:37.607 [main] INFO  com.deliveryplatform.services.DeliveryService - Driver removed from available pool: driverId=DRIVER-007
2025-10-16 11:05:37.607 [main] INFO  com.deliveryplatform.services.DeliveryService - Driver removed from available pool: driverId=DRIVER-008
2025-10-16 11:05:37.607 [main] INFO  com.deliveryplatform.services.DeliveryService - Driver removed from available pool: driverId=DRIVER-009
2025-10-16 11:05:37.607 [main] INFO  com.deliveryplatform.services.DeliveryService - Driver removed from available pool: driverId=DRIVER-0010
2025-10-16 11:05:37.608 [main] INFO  com.deliveryplatform.services.DeliveryService - Attempting to assign driver for order: ORD-38ABA744
2025-10-16 11:05:37.609 [main] WARN  com.deliveryplatform.services.DeliveryService - Business exception in assignDriver: orderId=ORD-38ABA744, error=Failed to assign delivery for order ORD-38ABA744: No drivers available for delivery assignment
2025-10-16 11:05:37.635 [main] INFO  com.deliveryplatform.models.Order - Order created: orderId=ORD-8E1B0E0B, customerId=CUST-001, restaurantId=REST-001, amount=34.48
2025-10-16 11:05:37.636 [main] INFO  com.deliveryplatform.models.Order - Order status transition: orderId=ORD-8E1B0E0B, from=PENDING, to=ACCEPTED
2025-10-16 11:05:37.647 [main] INFO  com.deliveryplatform.models.Order - Order created: orderId=ORD-ECD62250, customerId=CUST-001, restaurantId=REST-001, amount=34.48
2025-10-16 11:05:37.666 [main] INFO  com.deliveryplatform.models.Order - Order created: orderId=ORD-9772E42A, customerId=CUST-001, restaurantId=REST-001, amount=34.48
2025-10-16 11:05:37.673 [main] INFO  com.deliveryplatform.models.Order - Order created: orderId=ORD-1BF1D753, customerId=CUST-001, restaurantId=REST-001, amount=34.48
2025-10-16 11:05:37.682 [main] INFO  com.deliveryplatform.models.Order - Order created: orderId=ORD-3E7F0D24, customerId=CUST-001, restaurantId=REST-001, amount=34.48
2025-10-16 11:05:37.691 [main] INFO  com.deliveryplatform.models.Order - Order created: orderId=ORD-494F2F9F, customerId=CUST-001, restaurantId=REST-001, amount=34.48
2025-10-16 11:05:37.694 [main] INFO  com.deliveryplatform.models.Order - Order status transition: orderId=ORD-494F2F9F, from=PENDING, to=ACCEPTED
2025-10-16 11:05:37.695 [main] INFO  com.deliveryplatform.models.Order - Order status transition: orderId=ORD-494F2F9F, from=ACCEPTED, to=PREPARING
2025-10-16 11:05:37.695 [main] INFO  com.deliveryplatform.models.Order - Order status transition: orderId=ORD-494F2F9F, from=PREPARING, to=READY_FOR_DELIVERY
2025-10-16 11:05:37.696 [main] INFO  com.deliveryplatform.models.Order - Order status transition: orderId=ORD-494F2F9F, from=READY_FOR_DELIVERY, to=IN_DELIVERY
2025-10-16 11:05:37.696 [main] INFO  com.deliveryplatform.models.Order - Order status transition: orderId=ORD-494F2F9F, from=IN_DELIVERY, to=DELIVERED
2025-10-16 11:05:37.710 [main] INFO  com.deliveryplatform.models.Order - Order created: orderId=ORD-CF046455, customerId=CUST-002, restaurantId=REST-001, amount=34.48
2025-10-16 11:05:37.711 [main] INFO  com.deliveryplatform.models.Order - Order status transition: orderId=ORD-CF046455, from=PENDING, to=REJECTED
2025-10-16 11:05:37.726 [main] INFO  com.deliveryplatform.models.Order - Order created: orderId=ORD-69B85849, customerId=CUST-001, restaurantId=REST-001, amount=34.48
2025-10-16 11:05:37.731 [main] INFO  com.deliveryplatform.models.Order - Order status transition: orderId=ORD-69B85849, from=PENDING, to=REJECTED
2025-10-16 11:05:37.739 [main] INFO  com.deliveryplatform.models.Order - Order created: orderId=ORD-7574C4BD, customerId=CUST-001, restaurantId=REST-001, amount=34.48
2025-10-16 11:05:37.741 [main] INFO  com.deliveryplatform.models.Order - Order created: orderId=ORD-E9FE3ADB, customerId=CUST-001, restaurantId=REST-001, amount=34.48
2025-10-16 11:05:37.762 [main] INFO  com.deliveryplatform.models.Order - Order created: orderId=ORD-1E6E09D4, customerId=CUST-002, restaurantId=REST-001, amount=34.48
2025-10-16 11:05:37.768 [main] INFO  com.deliveryplatform.models.Order - Order created: orderId=ORD-E4270FDD, customerId=CUST-001, restaurantId=REST-001, amount=34.48
2025-10-16 11:05:37.774 [main] INFO  com.deliveryplatform.models.Order - Order created: orderId=ORD-3528B241, customerId=CUST-001, restaurantId=REST-001, amount=34.48
2025-10-16 11:05:37.776 [main] INFO  com.deliveryplatform.models.Order - Order created: orderId=ORD-54CE6091, customerId=CUST-001, restaurantId=REST-001, amount=34.48
2025-10-16 11:05:37.777 [main] INFO  com.deliveryplatform.models.Order - Order status transition: orderId=ORD-54CE6091, from=PENDING, to=ACCEPTED
2025-10-16 11:05:37.777 [main] INFO  com.deliveryplatform.models.Order - Order status transition: orderId=ORD-54CE6091, from=ACCEPTED, to=PREPARING
2025-10-16 11:05:37.777 [main] INFO  com.deliveryplatform.models.Order - Order status transition: orderId=ORD-54CE6091, from=PREPARING, to=READY_FOR_DELIVERY
2025-10-16 11:05:37.777 [main] INFO  com.deliveryplatform.models.Order - Order status transition: orderId=ORD-54CE6091, from=READY_FOR_DELIVERY, to=IN_DELIVERY
2025-10-16 11:05:37.777 [main] INFO  com.deliveryplatform.models.Order - Order status transition: orderId=ORD-54CE6091, from=IN_DELIVERY, to=DELIVERED
2025-10-16 11:05:37.779 [main] INFO  com.deliveryplatform.models.Order - Order created: orderId=ORD-9BF2D898, customerId=CUST-001, restaurantId=REST-001, amount=34.48
2025-10-16 11:05:37.782 [main] INFO  com.deliveryplatform.models.Order - Order created: orderId=ORD-D14823E0, customerId=CUST-001, restaurantId=REST-001, amount=34.48
2025-10-16 11:05:37.783 [main] INFO  com.deliveryplatform.models.Order - Order status transition: orderId=ORD-D14823E0, from=PENDING, to=CANCELLED
2025-10-16 11:05:38.539 [main] INFO  com.deliveryplatform.models.Order - Order created: orderId=ORD-96C7A379, customerId=CUST-001, restaurantId=REST-001, amount=15.99
2025-10-16 11:05:38.539 [main] INFO  com.deliveryplatform.services.RestaurantServiceImpl - 餐廳 REST-001 嘗試接單 ORD-96C7A379
2025-10-16 11:05:38.539 [main] INFO  com.deliveryplatform.models.Order - Order status transition: orderId=ORD-96C7A379, from=PENDING, to=ACCEPTED
2025-10-16 11:05:38.540 [main] INFO  com.deliveryplatform.services.RestaurantServiceImpl - 餐廳 REST-001 成功接單 ORD-96C7A379
2025-10-16 11:05:38.540 [main] INFO  com.deliveryplatform.services.RestaurantServiceImpl - 餐廳 REST-001 拒絕訂單 ORD-96C7A379 - 原因: Changed mind
2025-10-16 11:05:38.541 [main] WARN  com.deliveryplatform.services.RestaurantServiceImpl - 業務異常 - rejectOrder: orderId=ORD-96C7A379, restaurantId=REST-001, 錯誤=Cannot transition order ORD-96C7A379 from ACCEPTED to REJECTED: 訂單必須為 PENDING 狀態才能拒單
2025-10-16 11:05:38.542 [main] INFO  com.deliveryplatform.models.Order - Order created: orderId=ORD-82CD7DA0, customerId=CUST-001, restaurantId=REST-001, amount=15.99
2025-10-16 11:05:38.542 [main] INFO  com.deliveryplatform.services.RestaurantServiceImpl - 餐廳 REST-001 嘗試接單 ORD-82CD7DA0
2025-10-16 11:05:38.542 [main] INFO  com.deliveryplatform.models.Order - Order status transition: orderId=ORD-82CD7DA0, from=PENDING, to=ACCEPTED
2025-10-16 11:05:38.542 [main] INFO  com.deliveryplatform.services.RestaurantServiceImpl - 餐廳 REST-001 成功接單 ORD-82CD7DA0
2025-10-16 11:05:38.542 [main] INFO  com.deliveryplatform.services.RestaurantServiceImpl - 餐廳 REST-001 開始製作訂單 ORD-82CD7DA0
2025-10-16 11:05:38.542 [main] INFO  com.deliveryplatform.models.Order - Order status transition: orderId=ORD-82CD7DA0, from=ACCEPTED, to=PREPARING
2025-10-16 11:05:38.542 [main] INFO  com.deliveryplatform.services.RestaurantServiceImpl - 餐廳 REST-001 成功開始製作訂單 ORD-82CD7DA0
2025-10-16 11:05:38.542 [main] INFO  com.deliveryplatform.services.RestaurantServiceImpl - 餐廳 REST-001 標記訂單 ORD-82CD7DA0 完成製作
2025-10-16 11:05:38.542 [main] INFO  com.deliveryplatform.models.Order - Order status transition: orderId=ORD-82CD7DA0, from=PREPARING, to=READY_FOR_DELIVERY
2025-10-16 11:05:38.542 [main] INFO  com.deliveryplatform.services.RestaurantServiceImpl - 餐廳 REST-001 成功標記訂單 ORD-82CD7DA0 完成製作
2025-10-16 11:05:38.553 [main] INFO  com.deliveryplatform.models.Order - Order created: orderId=ORD-E6587501, customerId=CUST-001, restaurantId=REST-001, amount=15.99
2025-10-16 11:05:38.553 [main] INFO  com.deliveryplatform.services.RestaurantServiceImpl - 餐廳 REST-001 嘗試接單 NONEXISTENT-ORDER
2025-10-16 11:05:38.554 [main] ERROR com.deliveryplatform.services.RestaurantServiceImpl - 系統異常 - acceptOrder: orderId=NONEXISTENT-ORDER, restaurantId=REST-001
java.lang.IllegalArgumentException: 訂單不存在: NONEXISTENT-ORDER
	at com.deliveryplatform.services.RestaurantServiceImpl.lambda$getOrderAndValidateOwnership$0(RestaurantServiceImpl.java:246) ~[classes/:?]
	at java.util.Optional.orElseThrow(Optional.java:403) ~[?:?]
	at com.deliveryplatform.services.RestaurantServiceImpl.getOrderAndValidateOwnership(RestaurantServiceImpl.java:246) ~[classes/:?]
	at com.deliveryplatform.services.RestaurantServiceImpl.validateOrderForAcceptance(RestaurantServiceImpl.java:195) ~[classes/:?]
	at com.deliveryplatform.services.RestaurantServiceImpl.acceptOrder(RestaurantServiceImpl.java:46) [classes/:?]
	at com.deliveryplatform.services.RestaurantServiceTest.lambda$testAcceptOrder_OrderNotFound$0(RestaurantServiceTest.java:80) [test-classes/:?]
	at org.junit.jupiter.api.AssertThrows.assertThrows(AssertThrows.java:53) [junit-jupiter-api-5.9.3.jar:5.9.3]
	at org.junit.jupiter.api.AssertThrows.assertThrows(AssertThrows.java:35) [junit-jupiter-api-5.9.3.jar:5.9.3]
	at org.junit.jupiter.api.Assertions.assertThrows(Assertions.java:3083) [junit-jupiter-api-5.9.3.jar:5.9.3]
	at com.deliveryplatform.services.RestaurantServiceTest.testAcceptOrder_OrderNotFound(RestaurantServiceTest.java:79) [test-classes/:?]
	at jdk.internal.reflect.DirectMethodHandleAccessor.invoke(DirectMethodHandleAccessor.java:104) ~[?:?]
	at java.lang.reflect.Method.invoke(Method.java:565) ~[?:?]
	at org.junit.platform.commons.util.ReflectionUtils.invokeMethod(ReflectionUtils.java:727) [junit-platform-commons-1.9.3.jar:1.9.3]
	at org.junit.jupiter.engine.execution.MethodInvocation.proceed(MethodInvocation.java:60) [junit-jupiter-engine-5.9.3.jar:5.9.3]
	at org.junit.jupiter.engine.execution.InvocationInterceptorChain$ValidatingInvocation.proceed(InvocationInterceptorChain.java:131) [junit-jupiter-engine-5.9.3.jar:5.9.3]
	at org.junit.jupiter.engine.extension.TimeoutExtension.intercept(TimeoutExtension.java:156) [junit-jupiter-engine-5.9.3.jar:5.9.3]
	at org.junit.jupiter.engine.extension.TimeoutExtension.interceptTestableMethod(TimeoutExtension.java:147) [junit-jupiter-engine-5.9.3.jar:5.9.3]
	at org.junit.jupiter.engine.extension.TimeoutExtension.interceptTestMethod(TimeoutExtension.java:86) [junit-jupiter-engine-5.9.3.jar:5.9.3]
	at org.junit.jupiter.engine.execution.InterceptingExecutableInvoker$ReflectiveInterceptorCall.lambda$ofVoidMethod$0(InterceptingExecutableInvoker.java:103) [junit-jupiter-engine-5.9.3.jar:5.9.3]
	at org.junit.jupiter.engine.execution.InterceptingExecutableInvoker.lambda$invoke$0(InterceptingExecutableInvoker.java:93) [junit-jupiter-engine-5.9.3.jar:5.9.3]
	at org.junit.jupiter.engine.execution.InvocationInterceptorChain$InterceptedInvocation.proceed(InvocationInterceptorChain.java:106) [junit-jupiter-engine-5.9.3.jar:5.9.3]
	at org.junit.jupiter.engine.execution.InvocationInterceptorChain.proceed(InvocationInterceptorChain.java:64) [junit-jupiter-engine-5.9.3.jar:5.9.3]
	at org.junit.jupiter.engine.execution.InvocationInterceptorChain.chainAndInvoke(InvocationInterceptorChain.java:45) [junit-jupiter-engine-5.9.3.jar:5.9.3]
	at org.junit.jupiter.engine.execution.InvocationInterceptorChain.invoke(InvocationInterceptorChain.java:37) [junit-jupiter-engine-5.9.3.jar:5.9.3]
	at org.junit.jupiter.engine.execution.InterceptingExecutableInvoker.invoke(InterceptingExecutableInvoker.java:92) [junit-jupiter-engine-5.9.3.jar:5.9.3]
	at org.junit.jupiter.engine.execution.InterceptingExecutableInvoker.invoke(InterceptingExecutableInvoker.java:86) [junit-jupiter-engine-5.9.3.jar:5.9.3]
	at org.junit.jupiter.engine.descriptor.TestMethodTestDescriptor.lambda$invokeTestMethod$7(TestMethodTestDescriptor.java:217) [junit-jupiter-engine-5.9.3.jar:5.9.3]
	at org.junit.platform.engine.support.hierarchical.ThrowableCollector.execute(ThrowableCollector.java:73) [junit-platform-engine-1.9.3.jar:1.9.3]
	at org.junit.jupiter.engine.descriptor.TestMethodTestDescriptor.invokeTestMethod(TestMethodTestDescriptor.java:213) [junit-jupiter-engine-5.9.3.jar:5.9.3]
	at org.junit.jupiter.engine.descriptor.TestMethodTestDescriptor.execute(TestMethodTestDescriptor.java:138) [junit-jupiter-engine-5.9.3.jar:5.9.3]
	at org.junit.jupiter.engine.descriptor.TestMethodTestDescriptor.execute(TestMethodTestDescriptor.java:68) [junit-jupiter-engine-5.9.3.jar:5.9.3]
	at org.junit.platform.engine.support.hierarchical.NodeTestTask.lambda$executeRecursively$6(NodeTestTask.java:151) [junit-platform-engine-1.9.3.jar:1.9.3]
	at org.junit.platform.engine.support.hierarchical.ThrowableCollector.execute(ThrowableCollector.java:73) [junit-platform-engine-1.9.3.jar:1.9.3]
	at org.junit.platform.engine.support.hierarchical.NodeTestTask.lambda$executeRecursively$8(NodeTestTask.java:141) [junit-platform-engine-1.9.3.jar:1.9.3]
	at org.junit.platform.engine.support.hierarchical.Node.around(Node.java:137) [junit-platform-engine-1.9.3.jar:1.9.3]
	at org.junit.platform.engine.support.hierarchical.NodeTestTask.lambda$executeRecursively$9(NodeTestTask.java:139) [junit-platform-engine-1.9.3.jar:1.9.3]
	at org.junit.platform.engine.support.hierarchical.ThrowableCollector.execute(ThrowableCollector.java:73) [junit-platform-engine-1.9.3.jar:1.9.3]
	at org.junit.platform.engine.support.hierarchical.NodeTestTask.executeRecursively(NodeTestTask.java:138) [junit-platform-engine-1.9.3.jar:1.9.3]
	at org.junit.platform.engine.support.hierarchical.NodeTestTask.execute(NodeTestTask.java:95) [junit-platform-engine-1.9.3.jar:1.9.3]
	at java.util.ArrayList.forEach(ArrayList.java:1604) [?:?]
	at org.junit.platform.engine.support.hierarchical.SameThreadHierarchicalTestExecutorService.invokeAll(SameThreadHierarchicalTestExecutorService.java:41) [junit-platform-engine-1.9.3.jar:1.9.3]
	at org.junit.platform.engine.support.hierarchical.NodeTestTask.lambda$executeRecursively$6(NodeTestTask.java:155) [junit-platform-engine-1.9.3.jar:1.9.3]
	at org.junit.platform.engine.support.hierarchical.ThrowableCollector.execute(ThrowableCollector.java:73) [junit-platform-engine-1.9.3.jar:1.9.3]
	at org.junit.platform.engine.support.hierarchical.NodeTestTask.lambda$executeRecursively$8(NodeTestTask.java:141) [junit-platform-engine-1.9.3.jar:1.9.3]
	at org.junit.platform.engine.support.hierarchical.Node.around(Node.java:137) [junit-platform-engine-1.9.3.jar:1.9.3]
	at org.junit.platform.engine.support.hierarchical.NodeTestTask.lambda$executeRecursively$9(NodeTestTask.java:139) [junit-platform-engine-1.9.3.jar:1.9.3]
	at org.junit.platform.engine.support.hierarchical.ThrowableCollector.execute(ThrowableCollector.java:73) [junit-platform-engine-1.9.3.jar:1.9.3]
	at org.junit.platform.engine.support.hierarchical.NodeTestTask.executeRecursively(NodeTestTask.java:138) [junit-platform-engine-1.9.3.jar:1.9.3]
	at org.junit.platform.engine.support.hierarchical.NodeTestTask.execute(NodeTestTask.java:95) [junit-platform-engine-1.9.3.jar:1.9.3]
	at java.util.ArrayList.forEach(ArrayList.java:1604) [?:?]
	at org.junit.platform.engine.support.hierarchical.SameThreadHierarchicalTestExecutorService.invokeAll(SameThreadHierarchicalTestExecutorService.java:41) [junit-platform-engine-1.9.3.jar:1.9.3]
	at org.junit.platform.engine.support.hierarchical.NodeTestTask.lambda$executeRecursively$6(NodeTestTask.java:155) [junit-platform-engine-1.9.3.jar:1.9.3]
	at org.junit.platform.engine.support.hierarchical.ThrowableCollector.execute(ThrowableCollector.java:73) [junit-platform-engine-1.9.3.jar:1.9.3]
	at org.junit.platform.engine.support.hierarchical.NodeTestTask.lambda$executeRecursively$8(NodeTestTask.java:141) [junit-platform-engine-1.9.3.jar:1.9.3]
	at org.junit.platform.engine.support.hierarchical.Node.around(Node.java:137) [junit-platform-engine-1.9.3.jar:1.9.3]
	at org.junit.platform.engine.support.hierarchical.NodeTestTask.lambda$executeRecursively$9(NodeTestTask.java:139) [junit-platform-engine-1.9.3.jar:1.9.3]
	at org.junit.platform.engine.support.hierarchical.ThrowableCollector.execute(ThrowableCollector.java:73) [junit-platform-engine-1.9.3.jar:1.9.3]
	at org.junit.platform.engine.support.hierarchical.NodeTestTask.executeRecursively(NodeTestTask.java:138) [junit-platform-engine-1.9.3.jar:1.9.3]
	at org.junit.platform.engine.support.hierarchical.NodeTestTask.execute(NodeTestTask.java:95) [junit-platform-engine-1.9.3.jar:1.9.3]
	at org.junit.platform.engine.support.hierarchical.SameThreadHierarchicalTestExecutorService.submit(SameThreadHierarchicalTestExecutorService.java:35) [junit-platform-engine-1.9.3.jar:1.9.3]
	at org.junit.platform.engine.support.hierarchical.HierarchicalTestExecutor.execute(HierarchicalTestExecutor.java:57) [junit-platform-engine-1.9.3.jar:1.9.3]
	at org.junit.platform.engine.support.hierarchical.HierarchicalTestEngine.execute(HierarchicalTestEngine.java:54) [junit-platform-engine-1.9.3.jar:1.9.3]
	at org.junit.platform.launcher.core.EngineExecutionOrchestrator.execute(EngineExecutionOrchestrator.java:147) [junit-platform-launcher-1.9.3.jar:1.9.3]
	at org.junit.platform.launcher.core.EngineExecutionOrchestrator.execute(EngineExecutionOrchestrator.java:127) [junit-platform-launcher-1.9.3.jar:1.9.3]
	at org.junit.platform.launcher.core.EngineExecutionOrchestrator.execute(EngineExecutionOrchestrator.java:90) [junit-platform-launcher-1.9.3.jar:1.9.3]
	at org.junit.platform.launcher.core.EngineExecutionOrchestrator.lambda$execute$0(EngineExecutionOrchestrator.java:55) [junit-platform-launcher-1.9.3.jar:1.9.3]
	at org.junit.platform.launcher.core.EngineExecutionOrchestrator.withInterceptedStreams(EngineExecutionOrchestrator.java:102) [junit-platform-launcher-1.9.3.jar:1.9.3]
	at org.junit.platform.launcher.core.EngineExecutionOrchestrator.execute(EngineExecutionOrchestrator.java:54) [junit-platform-launcher-1.9.3.jar:1.9.3]
	at org.junit.platform.launcher.core.DefaultLauncher.execute(DefaultLauncher.java:114) [junit-platform-launcher-1.9.3.jar:1.9.3]
	at org.junit.platform.launcher.core.DefaultLauncher.execute(DefaultLauncher.java:86) [junit-platform-launcher-1.9.3.jar:1.9.3]
	at org.junit.platform.launcher.core.DefaultLauncherSession$DelegatingLauncher.execute(DefaultLauncherSession.java:86) [junit-platform-launcher-1.9.3.jar:1.9.3]
	at org.apache.maven.surefire.junitplatform.LazyLauncher.execute(LazyLauncher.java:50) [surefire-junit-platform-3.1.0.jar:3.1.0]
	at org.apache.maven.surefire.junitplatform.JUnitPlatformProvider.execute(JUnitPlatformProvider.java:184) [surefire-junit-platform-3.1.0.jar:3.1.0]
	at org.apache.maven.surefire.junitplatform.JUnitPlatformProvider.invokeAllTests(JUnitPlatformProvider.java:148) [surefire-junit-platform-3.1.0.jar:3.1.0]
	at org.apache.maven.surefire.junitplatform.JUnitPlatformProvider.invoke(JUnitPlatformProvider.java:122) [surefire-junit-platform-3.1.0.jar:3.1.0]
	at org.apache.maven.surefire.booter.ForkedBooter.runSuitesInProcess(ForkedBooter.java:385) [surefire-booter-3.1.0.jar:3.1.0]
	at org.apache.maven.surefire.booter.ForkedBooter.execute(ForkedBooter.java:162) [surefire-booter-3.1.0.jar:3.1.0]
	at org.apache.maven.surefire.booter.ForkedBooter.run(ForkedBooter.java:507) [surefire-booter-3.1.0.jar:3.1.0]
	at org.apache.maven.surefire.booter.ForkedBooter.main(ForkedBooter.java:495) [surefire-booter-3.1.0.jar:3.1.0]
2025-10-16 11:05:38.635 [main] INFO  com.deliveryplatform.models.Order - Order created: orderId=ORD-2F0EEF83, customerId=CUST-001, restaurantId=REST-001, amount=15.99
2025-10-16 11:05:38.636 [main] INFO  com.deliveryplatform.services.RestaurantServiceImpl - 餐廳 REST-001 開始製作訂單 ORD-2F0EEF83
2025-10-16 11:05:38.637 [main] WARN  com.deliveryplatform.services.RestaurantServiceImpl - 業務異常 - startPreparingOrder: orderId=ORD-2F0EEF83, restaurantId=REST-001, 錯誤=Cannot transition order ORD-2F0EEF83 from PENDING to PREPARING: 訂單必須為 ACCEPTED 狀態才能開始製作
2025-10-16 11:05:38.639 [main] INFO  com.deliveryplatform.models.Order - Order created: orderId=ORD-2E317A5F, customerId=CUST-001, restaurantId=REST-001, amount=15.99
2025-10-16 11:05:38.639 [main] INFO  com.deliveryplatform.services.RestaurantServiceImpl - 餐廳 NONEXISTENT-REST 嘗試接單 ORD-2E317A5F
2025-10-16 11:05:38.639 [main] WARN  com.deliveryplatform.services.RestaurantServiceImpl - 業務異常 - acceptOrder: orderId=ORD-2E317A5F, restaurantId=NONEXISTENT-REST, 錯誤=Restaurant NONEXISTENT-REST is currently unavailable: 餐廳不存在
2025-10-16 11:05:38.640 [main] INFO  com.deliveryplatform.models.Order - Order created: orderId=ORD-AA5B4132, customerId=CUST-001, restaurantId=REST-001, amount=15.99
2025-10-16 11:05:38.641 [main] INFO  com.deliveryplatform.services.RestaurantServiceImpl - 餐廳 REST-001 嘗試接單 ORD-AA5B4132
2025-10-16 11:05:38.641 [main] INFO  com.deliveryplatform.models.Order - Order status transition: orderId=ORD-AA5B4132, from=PENDING, to=ACCEPTED
2025-10-16 11:05:38.641 [main] INFO  com.deliveryplatform.services.RestaurantServiceImpl - 餐廳 REST-001 成功接單 ORD-AA5B4132
2025-10-16 11:05:38.641 [main] INFO  com.deliveryplatform.services.RestaurantServiceImpl - 餐廳 REST-001 開始製作訂單 ORD-AA5B4132
2025-10-16 11:05:38.641 [main] INFO  com.deliveryplatform.models.Order - Order status transition: orderId=ORD-AA5B4132, from=ACCEPTED, to=PREPARING
2025-10-16 11:05:38.641 [main] INFO  com.deliveryplatform.services.RestaurantServiceImpl - 餐廳 REST-001 成功開始製作訂單 ORD-AA5B4132
2025-10-16 11:05:38.642 [main] INFO  com.deliveryplatform.models.Order - Order created: orderId=ORD-B496A0F1, customerId=CUST-001, restaurantId=REST-001, amount=15.99
2025-10-16 11:05:38.642 [main] INFO  com.deliveryplatform.services.RestaurantServiceImpl - 餐廳 WRONG-REST 嘗試接單 ORD-B496A0F1
2025-10-16 11:05:38.642 [main] WARN  com.deliveryplatform.services.RestaurantServiceImpl - 業務異常 - acceptOrder: orderId=ORD-B496A0F1, restaurantId=WRONG-REST, 錯誤=Restaurant WRONG-REST is currently unavailable: 餐廳不存在
2025-10-16 11:05:38.643 [main] INFO  com.deliveryplatform.models.Order - Order created: orderId=ORD-C821F731, customerId=CUST-001, restaurantId=REST-001, amount=15.99
2025-10-16 11:05:38.643 [main] INFO  com.deliveryplatform.services.RestaurantServiceImpl - 餐廳 REST-001 拒絕訂單 ORD-C821F731 - 原因: 餐廳太忙
2025-10-16 11:05:38.644 [main] INFO  com.deliveryplatform.models.Order - Order status transition: orderId=ORD-C821F731, from=PENDING, to=REJECTED
2025-10-16 11:05:38.644 [main] INFO  com.deliveryplatform.services.RestaurantServiceImpl - 餐廳 REST-001 成功拒絕訂單 ORD-C821F731 - 原因: 餐廳太忙
2025-10-16 11:05:38.644 [main] INFO  com.deliveryplatform.models.Order - Order created: orderId=ORD-24C65E3B, customerId=CUST-001, restaurantId=REST-001, amount=15.99
2025-10-16 11:05:38.645 [main] INFO  com.deliveryplatform.services.RestaurantServiceImpl - 餐廳 REST-001 嘗試接單 ORD-24C65E3B
2025-10-16 11:05:38.645 [main] INFO  com.deliveryplatform.models.Order - Order status transition: orderId=ORD-24C65E3B, from=PENDING, to=ACCEPTED
2025-10-16 11:05:38.645 [main] INFO  com.deliveryplatform.services.RestaurantServiceImpl - 餐廳 REST-001 成功接單 ORD-24C65E3B
2025-10-16 11:05:38.645 [main] INFO  com.deliveryplatform.services.RestaurantServiceImpl - 餐廳 REST-001 開始製作訂單 ORD-24C65E3B
2025-10-16 11:05:38.645 [main] INFO  com.deliveryplatform.models.Order - Order status transition: orderId=ORD-24C65E3B, from=ACCEPTED, to=PREPARING
2025-10-16 11:05:38.645 [main] INFO  com.deliveryplatform.services.RestaurantServiceImpl - 餐廳 REST-001 成功開始製作訂單 ORD-24C65E3B
2025-10-16 11:05:38.645 [main] INFO  com.deliveryplatform.services.RestaurantServiceImpl - 餐廳 REST-001 標記訂單 ORD-24C65E3B 完成製作
2025-10-16 11:05:38.645 [main] INFO  com.deliveryplatform.models.Order - Order status transition: orderId=ORD-24C65E3B, from=PREPARING, to=READY_FOR_DELIVERY
2025-10-16 11:05:38.645 [main] INFO  com.deliveryplatform.services.RestaurantServiceImpl - 餐廳 REST-001 成功標記訂單 ORD-24C65E3B 完成製作
2025-10-16 11:05:38.646 [main] INFO  com.deliveryplatform.models.Order - Order created: orderId=ORD-02BFDA6B, customerId=CUST-001, restaurantId=REST-001, amount=15.99
2025-10-16 11:05:38.646 [main] INFO  com.deliveryplatform.services.RestaurantServiceImpl - 餐廳 REST-001 嘗試接單 ORD-02BFDA6B
2025-10-16 11:05:38.646 [main] INFO  com.deliveryplatform.models.Order - Order status transition: orderId=ORD-02BFDA6B, from=PENDING, to=ACCEPTED
2025-10-16 11:05:38.646 [main] INFO  com.deliveryplatform.services.RestaurantServiceImpl - 餐廳 REST-001 成功接單 ORD-02BFDA6B
2025-10-16 11:05:42.151 [main] INFO  com.deliveryplatform.services.DeliveryService - Driver added to available pool: driverId=DRIVER-001
2025-10-16 11:05:42.153 [main] INFO  com.deliveryplatform.services.DeliveryService - Driver added to available pool: driverId=DRIVER-002
2025-10-16 11:05:42.153 [main] INFO  com.deliveryplatform.services.DeliveryService - Driver added to available pool: driverId=DRIVER-003
2025-10-16 11:05:42.153 [main] INFO  com.deliveryplatform.services.DeliveryService - Driver added to available pool: driverId=DRIVER-004
2025-10-16 11:05:42.154 [main] INFO  com.deliveryplatform.services.DeliveryService - Driver added to available pool: driverId=DRIVER-005
2025-10-16 11:05:42.172 [main] INFO  com.deliveryplatform.services.DeliveryService - Driver added to available pool: driverId=DRIVER-001
2025-10-16 11:05:42.172 [main] INFO  com.deliveryplatform.services.DeliveryService - Driver added to available pool: driverId=DRIVER-002
2025-10-16 11:05:42.174 [main] INFO  com.deliveryplatform.services.OrderService - Creating order: customerId=CUST-004, restaurantId=REST-001, itemCount=2
2025-10-16 11:05:42.185 [main] INFO  com.deliveryplatform.models.Order - Order created: orderId=ORD-187DCDE0, customerId=CUST-004, restaurantId=REST-001, amount=20.99
2025-10-16 11:05:42.185 [main] INFO  com.deliveryplatform.services.OrderService - Order created successfully: orderId=ORD-187DCDE0, amount=20.99
2025-10-16 11:05:42.189 [main] INFO  com.deliveryplatform.services.RestaurantServiceImpl - 餐廳 NONEXISTENT-REST 嘗試接單 ORD-187DCDE0
2025-10-16 11:05:42.191 [main] WARN  com.deliveryplatform.services.RestaurantServiceImpl - 業務異常 - acceptOrder: orderId=ORD-187DCDE0, restaurantId=NONEXISTENT-REST, 錯誤=Restaurant NONEXISTENT-REST is currently unavailable: 餐廳不存在
2025-10-16 11:05:42.199 [main] INFO  com.deliveryplatform.services.DeliveryService - Driver added to available pool: driverId=DRIVER-001
2025-10-16 11:05:42.199 [main] INFO  com.deliveryplatform.services.DeliveryService - Driver added to available pool: driverId=DRIVER-002
2025-10-16 11:05:42.200 [main] INFO  com.deliveryplatform.services.DeliveryService - Driver added to available pool: driverId=DRIVER-003
2025-10-16 11:05:42.200 [main] INFO  com.deliveryplatform.services.DeliveryService - Driver added to available pool: driverId=DRIVER-004
2025-10-16 11:05:42.200 [main] INFO  com.deliveryplatform.services.DeliveryService - Driver added to available pool: driverId=DRIVER-005
2025-10-16 11:05:42.200 [main] INFO  com.deliveryplatform.services.DeliveryService - Driver added to available pool: driverId=DRIVER-001
2025-10-16 11:05:42.201 [main] INFO  com.deliveryplatform.services.DeliveryService - Driver added to available pool: driverId=DRIVER-002
2025-10-16 11:05:42.201 [main] INFO  com.deliveryplatform.services.OrderService - Creating order: customerId=CUST-005, restaurantId=REST-001, itemCount=2
2025-10-16 11:05:42.202 [main] INFO  com.deliveryplatform.models.Order - Order created: orderId=ORD-4E379E45, customerId=CUST-005, restaurantId=REST-001, amount=20.99
2025-10-16 11:05:42.202 [main] INFO  com.deliveryplatform.services.OrderService - Order created successfully: orderId=ORD-4E379E45, amount=20.99
2025-10-16 11:05:42.202 [main] INFO  com.deliveryplatform.services.RestaurantServiceImpl - 餐廳 REST-001 開始製作訂單 ORD-4E379E45
2025-10-16 11:05:42.203 [main] WARN  com.deliveryplatform.services.RestaurantServiceImpl - 業務異常 - startPreparingOrder: orderId=ORD-4E379E45, restaurantId=REST-001, 錯誤=Cannot transition order ORD-4E379E45 from PENDING to PREPARING: 訂單必須為 ACCEPTED 狀態才能開始製作
2025-10-16 11:05:42.205 [main] INFO  com.deliveryplatform.services.DeliveryService - Driver added to available pool: driverId=DRIVER-001
2025-10-16 11:05:42.206 [main] INFO  com.deliveryplatform.services.DeliveryService - Driver added to available pool: driverId=DRIVER-002
2025-10-16 11:05:42.206 [main] INFO  com.deliveryplatform.services.DeliveryService - Driver added to available pool: driverId=DRIVER-003
2025-10-16 11:05:42.206 [main] INFO  com.deliveryplatform.services.DeliveryService - Driver added to available pool: driverId=DRIVER-004
2025-10-16 11:05:42.206 [main] INFO  com.deliveryplatform.services.DeliveryService - Driver added to available pool: driverId=DRIVER-005
2025-10-16 11:05:42.207 [main] INFO  com.deliveryplatform.services.DeliveryService - Driver added to available pool: driverId=DRIVER-001
2025-10-16 11:05:42.207 [main] INFO  com.deliveryplatform.services.DeliveryService - Driver added to available pool: driverId=DRIVER-002
2025-10-16 11:05:42.207 [main] INFO  com.deliveryplatform.services.OrderService - Creating order: customerId=CUST-003, restaurantId=REST-001, itemCount=0
2025-10-16 11:05:42.208 [main] WARN  com.deliveryplatform.services.OrderService - Order validation failed: customerId=CUST-003, restaurantId=REST-001, errors=[Order must have at least one item]
2025-10-16 11:05:42.208 [main] INFO  com.deliveryplatform.services.OrderService - Creating order: customerId=CUST-003, restaurantId=REST-001, itemCount=2
2025-10-16 11:05:42.209 [main] WARN  com.deliveryplatform.services.OrderService - Order validation failed: customerId=CUST-003, restaurantId=REST-001, errors=[Delivery address is required]
2025-10-16 11:05:42.211 [main] INFO  com.deliveryplatform.services.DeliveryService - Driver added to available pool: driverId=DRIVER-001
2025-10-16 11:05:42.211 [main] INFO  com.deliveryplatform.services.DeliveryService - Driver added to available pool: driverId=DRIVER-002
2025-10-16 11:05:42.211 [main] INFO  com.deliveryplatform.services.DeliveryService - Driver added to available pool: driverId=DRIVER-003
2025-10-16 11:05:42.211 [main] INFO  com.deliveryplatform.services.DeliveryService - Driver added to available pool: driverId=DRIVER-004
2025-10-16 11:05:42.211 [main] INFO  com.deliveryplatform.services.DeliveryService - Driver added to available pool: driverId=DRIVER-005
2025-10-16 11:05:42.212 [main] INFO  com.deliveryplatform.services.DeliveryService - Driver added to available pool: driverId=DRIVER-001
2025-10-16 11:05:42.212 [main] INFO  com.deliveryplatform.services.DeliveryService - Driver added to available pool: driverId=DRIVER-002
2025-10-16 11:05:42.212 [main] INFO  com.deliveryplatform.services.OrderService - Creating order: customerId=CUST-001, restaurantId=REST-001, itemCount=2
2025-10-16 11:05:42.213 [main] INFO  com.deliveryplatform.models.Order - Order created: orderId=ORD-0C0AF7C7, customerId=CUST-001, restaurantId=REST-001, amount=20.99
2025-10-16 11:05:42.213 [main] INFO  com.deliveryplatform.services.OrderService - Order created successfully: orderId=ORD-0C0AF7C7, amount=20.99
2025-10-16 11:05:42.215 [main] INFO  com.deliveryplatform.services.RestaurantServiceImpl - 餐廳 REST-001 嘗試接單 ORD-0C0AF7C7
2025-10-16 11:05:42.215 [main] INFO  com.deliveryplatform.models.Order - Order status transition: orderId=ORD-0C0AF7C7, from=PENDING, to=ACCEPTED
2025-10-16 11:05:42.215 [main] INFO  com.deliveryplatform.services.RestaurantServiceImpl - 餐廳 REST-001 成功接單 ORD-0C0AF7C7
2025-10-16 11:05:42.216 [main] INFO  com.deliveryplatform.services.RestaurantServiceImpl - 餐廳 REST-001 開始製作訂單 ORD-0C0AF7C7
2025-10-16 11:05:42.216 [main] INFO  com.deliveryplatform.models.Order - Order status transition: orderId=ORD-0C0AF7C7, from=ACCEPTED, to=PREPARING
2025-10-16 11:05:42.217 [main] INFO  com.deliveryplatform.services.RestaurantServiceImpl - 餐廳 REST-001 成功開始製作訂單 ORD-0C0AF7C7
2025-10-16 11:05:42.217 [main] INFO  com.deliveryplatform.services.RestaurantServiceImpl - 餐廳 REST-001 標記訂單 ORD-0C0AF7C7 完成製作
2025-10-16 11:05:42.217 [main] INFO  com.deliveryplatform.models.Order - Order status transition: orderId=ORD-0C0AF7C7, from=PREPARING, to=READY_FOR_DELIVERY
2025-10-16 11:05:42.217 [main] INFO  com.deliveryplatform.services.RestaurantServiceImpl - 餐廳 REST-001 成功標記訂單 ORD-0C0AF7C7 完成製作
2025-10-16 11:05:42.218 [main] INFO  com.deliveryplatform.services.DeliveryService - Attempting to assign driver for order: ORD-0C0AF7C7
2025-10-16 11:05:42.218 [main] INFO  com.deliveryplatform.models.Order - Driver DRIVER-005 assigned to order ORD-0C0AF7C7
2025-10-16 11:05:42.219 [main] INFO  com.deliveryplatform.models.Order - Order status transition: orderId=ORD-0C0AF7C7, from=READY_FOR_DELIVERY, to=IN_DELIVERY
2025-10-16 11:05:42.219 [main] INFO  com.deliveryplatform.services.DeliveryService - Driver assigned successfully: orderId=ORD-0C0AF7C7, driverId=DRIVER-005
2025-10-16 11:05:42.219 [main] INFO  com.deliveryplatform.services.DeliveryService - Completing delivery: orderId=ORD-0C0AF7C7, driverId=DRIVER-005
2025-10-16 11:05:42.219 [main] INFO  com.deliveryplatform.models.Order - Order status transition: orderId=ORD-0C0AF7C7, from=IN_DELIVERY, to=DELIVERED
2025-10-16 11:05:42.220 [main] INFO  com.deliveryplatform.services.DeliveryService - Delivery completed successfully: orderId=ORD-0C0AF7C7, driverId=DRIVER-005
2025-10-16 11:05:42.224 [main] INFO  com.deliveryplatform.services.DeliveryService - Driver added to available pool: driverId=DRIVER-001
2025-10-16 11:05:42.225 [main] INFO  com.deliveryplatform.services.DeliveryService - Driver added to available pool: driverId=DRIVER-002
2025-10-16 11:05:42.225 [main] INFO  com.deliveryplatform.services.DeliveryService - Driver added to available pool: driverId=DRIVER-003
2025-10-16 11:05:42.226 [main] INFO  com.deliveryplatform.services.DeliveryService - Driver added to available pool: driverId=DRIVER-004
2025-10-16 11:05:42.227 [main] INFO  com.deliveryplatform.services.DeliveryService - Driver added to available pool: driverId=DRIVER-005
2025-10-16 11:05:42.227 [main] INFO  com.deliveryplatform.services.DeliveryService - Driver added to available pool: driverId=DRIVER-001
2025-10-16 11:05:42.227 [main] INFO  com.deliveryplatform.services.DeliveryService - Driver added to available pool: driverId=DRIVER-002
2025-10-16 11:05:42.227 [main] INFO  com.deliveryplatform.services.OrderService - Creating order: customerId=CUST-002, restaurantId=REST-001, itemCount=2
2025-10-16 11:05:42.228 [main] INFO  com.deliveryplatform.models.Order - Order created: orderId=ORD-6906D1AC, customerId=CUST-002, restaurantId=REST-001, amount=20.99
2025-10-16 11:05:42.228 [main] INFO  com.deliveryplatform.services.OrderService - Order created successfully: orderId=ORD-6906D1AC, amount=20.99
2025-10-16 11:05:42.228 [main] INFO  com.deliveryplatform.services.RestaurantServiceImpl - 餐廳 REST-001 拒絕訂單 ORD-6906D1AC - 原因: 餐廳太忙
2025-10-16 11:05:42.228 [main] INFO  com.deliveryplatform.models.Order - Order status transition: orderId=ORD-6906D1AC, from=PENDING, to=REJECTED
2025-10-16 11:05:42.228 [main] INFO  com.deliveryplatform.services.RestaurantServiceImpl - 餐廳 REST-001 成功拒絕訂單 ORD-6906D1AC - 原因: 餐廳太忙
2025-10-16 11:05:42.230 [main] INFO  com.deliveryplatform.services.DeliveryService - Driver added to available pool: driverId=DRIVER-001
2025-10-16 11:05:42.230 [main] INFO  com.deliveryplatform.services.DeliveryService - Driver added to available pool: driverId=DRIVER-002
2025-10-16 11:05:42.230 [main] INFO  com.deliveryplatform.services.DeliveryService - Driver added to available pool: driverId=DRIVER-003
2025-10-16 11:05:42.230 [main] INFO  com.deliveryplatform.services.DeliveryService - Driver added to available pool: driverId=DRIVER-004
2025-10-16 11:05:42.230 [main] INFO  com.deliveryplatform.services.DeliveryService - Driver added to available pool: driverId=DRIVER-005
2025-10-16 11:05:42.231 [main] INFO  com.deliveryplatform.services.DeliveryService - Driver added to available pool: driverId=DRIVER-001
2025-10-16 11:05:42.231 [main] INFO  com.deliveryplatform.services.DeliveryService - Driver added to available pool: driverId=DRIVER-002
2025-10-16 11:05:42.232 [main] INFO  com.deliveryplatform.services.OrderService - Creating order: customerId=CUST-006, restaurantId=REST-001, itemCount=2
2025-10-16 11:05:42.232 [main] INFO  com.deliveryplatform.models.Order - Order created: orderId=ORD-BEA7EE83, customerId=CUST-006, restaurantId=REST-001, amount=20.99
2025-10-16 11:05:42.232 [main] INFO  com.deliveryplatform.services.OrderService - Order created successfully: orderId=ORD-BEA7EE83, amount=20.99
2025-10-16 11:05:42.232 [main] INFO  com.deliveryplatform.services.RestaurantServiceImpl - 餐廳 REST-001 嘗試接單 ORD-BEA7EE83
2025-10-16 11:05:42.232 [main] INFO  com.deliveryplatform.models.Order - Order status transition: orderId=ORD-BEA7EE83, from=PENDING, to=ACCEPTED
2025-10-16 11:05:42.233 [main] INFO  com.deliveryplatform.services.RestaurantServiceImpl - 餐廳 REST-001 成功接單 ORD-BEA7EE83
2025-10-16 11:05:42.233 [main] INFO  com.deliveryplatform.services.RestaurantServiceImpl - 餐廳 REST-001 開始製作訂單 ORD-BEA7EE83
2025-10-16 11:05:42.233 [main] INFO  com.deliveryplatform.models.Order - Order status transition: orderId=ORD-BEA7EE83, from=ACCEPTED, to=PREPARING
2025-10-16 11:05:42.233 [main] INFO  com.deliveryplatform.services.RestaurantServiceImpl - 餐廳 REST-001 成功開始製作訂單 ORD-BEA7EE83
2025-10-16 11:05:42.233 [main] INFO  com.deliveryplatform.services.RestaurantServiceImpl - 餐廳 REST-001 標記訂單 ORD-BEA7EE83 完成製作
2025-10-16 11:05:42.233 [main] INFO  com.deliveryplatform.models.Order - Order status transition: orderId=ORD-BEA7EE83, from=PREPARING, to=READY_FOR_DELIVERY
2025-10-16 11:05:42.233 [main] INFO  com.deliveryplatform.services.RestaurantServiceImpl - 餐廳 REST-001 成功標記訂單 ORD-BEA7EE83 完成製作
2025-10-16 11:05:42.234 [main] INFO  com.deliveryplatform.services.DeliveryService - Driver added to available pool: driverId=DRIVER-001
2025-10-16 11:05:42.234 [main] INFO  com.deliveryplatform.services.DeliveryService - Driver added to available pool: driverId=DRIVER-002
2025-10-16 11:05:42.234 [main] INFO  com.deliveryplatform.services.DeliveryService - Driver added to available pool: driverId=DRIVER-003
2025-10-16 11:05:42.234 [main] INFO  com.deliveryplatform.services.DeliveryService - Driver added to available pool: driverId=DRIVER-004
2025-10-16 11:05:42.234 [main] INFO  com.deliveryplatform.services.DeliveryService - Driver added to available pool: driverId=DRIVER-005
2025-10-16 11:05:42.235 [main] INFO  com.deliveryplatform.services.DeliveryService - Driver removed from available pool: driverId=DRIVER-001
2025-10-16 11:05:42.235 [main] INFO  com.deliveryplatform.services.DeliveryService - Driver removed from available pool: driverId=DRIVER-002
2025-10-16 11:05:42.236 [main] INFO  com.deliveryplatform.services.DeliveryService - Driver removed from available pool: driverId=DRIVER-003
2025-10-16 11:05:42.236 [main] INFO  com.deliveryplatform.services.DeliveryService - Driver removed from available pool: driverId=DRIVER-004
2025-10-16 11:05:42.240 [main] INFO  com.deliveryplatform.services.DeliveryService - Driver removed from available pool: driverId=DRIVER-005
2025-10-16 11:05:42.241 [main] INFO  com.deliveryplatform.services.DeliveryService - Driver removed from available pool: driverId=DRIVER-006
2025-10-16 11:05:42.241 [main] INFO  com.deliveryplatform.services.DeliveryService - Driver removed from available pool: driverId=DRIVER-007
2025-10-16 11:05:42.241 [main] INFO  com.deliveryplatform.services.DeliveryService - Driver removed from available pool: driverId=DRIVER-008
2025-10-16 11:05:42.241 [main] INFO  com.deliveryplatform.services.DeliveryService - Driver removed from available pool: driverId=DRIVER-009
2025-10-16 11:05:42.241 [main] INFO  com.deliveryplatform.services.DeliveryService - Driver removed from available pool: driverId=DRIVER-0010
2025-10-16 11:05:42.242 [main] INFO  com.deliveryplatform.services.DeliveryService - Attempting to assign driver for order: ORD-BEA7EE83
2025-10-16 11:05:42.242 [main] WARN  com.deliveryplatform.services.DeliveryService - Business exception in assignDriver: orderId=ORD-BEA7EE83, error=Failed to assign delivery for order ORD-BEA7EE83: No drivers available for delivery assignment
2025-10-16 11:05:42.253 [main] INFO  com.deliveryplatform.models.Order - Order created: orderId=ORD-7BD184BE, customerId=CUST-001, restaurantId=REST-001, amount=34.48
2025-10-16 11:05:42.254 [main] INFO  com.deliveryplatform.models.Order - Order status transition: orderId=ORD-7BD184BE, from=PENDING, to=ACCEPTED
2025-10-16 11:05:42.257 [main] INFO  com.deliveryplatform.models.Order - Order created: orderId=ORD-A49A90BD, customerId=CUST-001, restaurantId=REST-001, amount=34.48
2025-10-16 11:05:42.261 [main] INFO  com.deliveryplatform.models.Order - Order created: orderId=ORD-4C86923F, customerId=CUST-001, restaurantId=REST-001, amount=34.48
2025-10-16 11:05:42.261 [main] INFO  com.deliveryplatform.models.Order - Order created: orderId=ORD-B378BC8E, customerId=CUST-001, restaurantId=REST-001, amount=34.48
2025-10-16 11:05:42.269 [main] INFO  com.deliveryplatform.models.Order - Order created: orderId=ORD-97A3E0BD, customerId=CUST-001, restaurantId=REST-001, amount=34.48
2025-10-16 11:05:42.274 [main] INFO  com.deliveryplatform.models.Order - Order created: orderId=ORD-63129FC5, customerId=CUST-001, restaurantId=REST-001, amount=34.48
2025-10-16 11:05:42.275 [main] INFO  com.deliveryplatform.models.Order - Order status transition: orderId=ORD-63129FC5, from=PENDING, to=ACCEPTED
2025-10-16 11:05:42.275 [main] INFO  com.deliveryplatform.models.Order - Order status transition: orderId=ORD-63129FC5, from=ACCEPTED, to=PREPARING
2025-10-16 11:05:42.275 [main] INFO  com.deliveryplatform.models.Order - Order status transition: orderId=ORD-63129FC5, from=PREPARING, to=READY_FOR_DELIVERY
2025-10-16 11:05:42.275 [main] INFO  com.deliveryplatform.models.Order - Order status transition: orderId=ORD-63129FC5, from=READY_FOR_DELIVERY, to=IN_DELIVERY
2025-10-16 11:05:42.276 [main] INFO  com.deliveryplatform.models.Order - Order status transition: orderId=ORD-63129FC5, from=IN_DELIVERY, to=DELIVERED
2025-10-16 11:05:42.277 [main] INFO  com.deliveryplatform.models.Order - Order created: orderId=ORD-180DDA1D, customerId=CUST-002, restaurantId=REST-001, amount=34.48
2025-10-16 11:05:42.277 [main] INFO  com.deliveryplatform.models.Order - Order status transition: orderId=ORD-180DDA1D, from=PENDING, to=REJECTED
2025-10-16 11:05:42.281 [main] INFO  com.deliveryplatform.models.Order - Order created: orderId=ORD-6639332B, customerId=CUST-001, restaurantId=REST-001, amount=34.48
2025-10-16 11:05:42.281 [main] INFO  com.deliveryplatform.models.Order - Order status transition: orderId=ORD-6639332B, from=PENDING, to=REJECTED
2025-10-16 11:05:42.295 [main] INFO  com.deliveryplatform.models.Order - Order created: orderId=ORD-3D04165F, customerId=CUST-001, restaurantId=REST-001, amount=34.48
2025-10-16 11:05:42.322 [main] INFO  com.deliveryplatform.models.Order - Order created: orderId=ORD-A5A6BBA9, customerId=CUST-001, restaurantId=REST-001, amount=34.48
2025-10-16 11:05:42.323 [main] INFO  com.deliveryplatform.models.Order - Order created: orderId=ORD-2ACD8844, customerId=CUST-002, restaurantId=REST-001, amount=34.48
2025-10-16 11:05:42.324 [main] INFO  com.deliveryplatform.models.Order - Order created: orderId=ORD-DF21F936, customerId=CUST-001, restaurantId=REST-001, amount=34.48
2025-10-16 11:05:42.326 [main] INFO  com.deliveryplatform.models.Order - Order created: orderId=ORD-16244A2E, customerId=CUST-001, restaurantId=REST-001, amount=34.48
2025-10-16 11:05:42.496 [main] INFO  com.deliveryplatform.models.Order - Order created: orderId=ORD-D4325196, customerId=CUST-001, restaurantId=REST-001, amount=34.48
2025-10-16 11:05:42.497 [main] INFO  com.deliveryplatform.models.Order - Order status transition: orderId=ORD-D4325196, from=PENDING, to=ACCEPTED
2025-10-16 11:05:42.536 [main] INFO  com.deliveryplatform.models.Order - Order status transition: orderId=ORD-D4325196, from=ACCEPTED, to=PREPARING
2025-10-16 11:05:42.536 [main] INFO  com.deliveryplatform.models.Order - Order status transition: orderId=ORD-D4325196, from=PREPARING, to=READY_FOR_DELIVERY
2025-10-16 11:05:42.536 [main] INFO  com.deliveryplatform.models.Order - Order status transition: orderId=ORD-D4325196, from=READY_FOR_DELIVERY, to=IN_DELIVERY
2025-10-16 11:05:42.536 [main] INFO  com.deliveryplatform.models.Order - Order status transition: orderId=ORD-D4325196, from=IN_DELIVERY, to=DELIVERED
2025-10-16 11:05:42.544 [main] INFO  com.deliveryplatform.models.Order - Order created: orderId=ORD-43CE93CD, customerId=CUST-001, restaurantId=REST-001, amount=34.48
2025-10-16 11:05:42.546 [main] INFO  com.deliveryplatform.models.Order - Order created: orderId=ORD-F021BDB1, customerId=CUST-001, restaurantId=REST-001, amount=34.48
2025-10-16 11:05:42.547 [main] INFO  com.deliveryplatform.models.Order - Order status transition: orderId=ORD-F021BDB1, from=PENDING, to=CANCELLED
2025-10-16 11:05:43.378 [main] INFO  com.deliveryplatform.models.Order - Order created: orderId=ORD-FE25DB3B, customerId=CUST-001, restaurantId=REST-001, amount=15.99
2025-10-16 11:05:43.379 [main] INFO  com.deliveryplatform.services.RestaurantServiceImpl - 餐廳 REST-001 嘗試接單 ORD-FE25DB3B
2025-10-16 11:05:43.380 [main] INFO  com.deliveryplatform.models.Order - Order status transition: orderId=ORD-FE25DB3B, from=PENDING, to=ACCEPTED
2025-10-16 11:05:43.380 [main] INFO  com.deliveryplatform.services.RestaurantServiceImpl - 餐廳 REST-001 成功接單 ORD-FE25DB3B
2025-10-16 11:05:43.380 [main] INFO  com.deliveryplatform.services.RestaurantServiceImpl - 餐廳 REST-001 拒絕訂單 ORD-FE25DB3B - 原因: Changed mind
2025-10-16 11:05:43.384 [main] WARN  com.deliveryplatform.services.RestaurantServiceImpl - 業務異常 - rejectOrder: orderId=ORD-FE25DB3B, restaurantId=REST-001, 錯誤=Cannot transition order ORD-FE25DB3B from ACCEPTED to REJECTED: 訂單必須為 PENDING 狀態才能拒單
2025-10-16 11:05:43.398 [main] INFO  com.deliveryplatform.models.Order - Order created: orderId=ORD-A1B16C76, customerId=CUST-001, restaurantId=REST-001, amount=15.99
2025-10-16 11:05:43.406 [main] INFO  com.deliveryplatform.services.RestaurantServiceImpl - 餐廳 REST-001 嘗試接單 ORD-A1B16C76
2025-10-16 11:05:43.406 [main] INFO  com.deliveryplatform.models.Order - Order status transition: orderId=ORD-A1B16C76, from=PENDING, to=ACCEPTED
2025-10-16 11:05:43.406 [main] INFO  com.deliveryplatform.services.RestaurantServiceImpl - 餐廳 REST-001 成功接單 ORD-A1B16C76
2025-10-16 11:05:43.406 [main] INFO  com.deliveryplatform.services.RestaurantServiceImpl - 餐廳 REST-001 開始製作訂單 ORD-A1B16C76
2025-10-16 11:05:43.407 [main] INFO  com.deliveryplatform.models.Order - Order status transition: orderId=ORD-A1B16C76, from=ACCEPTED, to=PREPARING
2025-10-16 11:05:43.407 [main] INFO  com.deliveryplatform.services.RestaurantServiceImpl - 餐廳 REST-001 成功開始製作訂單 ORD-A1B16C76
2025-10-16 11:05:43.407 [main] INFO  com.deliveryplatform.services.RestaurantServiceImpl - 餐廳 REST-001 標記訂單 ORD-A1B16C76 完成製作
2025-10-16 11:05:43.407 [main] INFO  com.deliveryplatform.models.Order - Order status transition: orderId=ORD-A1B16C76, from=PREPARING, to=READY_FOR_DELIVERY
2025-10-16 11:05:43.407 [main] INFO  com.deliveryplatform.services.RestaurantServiceImpl - 餐廳 REST-001 成功標記訂單 ORD-A1B16C76 完成製作
2025-10-16 11:05:43.411 [main] INFO  com.deliveryplatform.models.Order - Order created: orderId=ORD-5F9CC9FE, customerId=CUST-001, restaurantId=REST-001, amount=15.99
2025-10-16 11:05:43.413 [main] INFO  com.deliveryplatform.services.RestaurantServiceImpl - 餐廳 REST-001 嘗試接單 NONEXISTENT-ORDER
2025-10-16 11:05:43.414 [main] ERROR com.deliveryplatform.services.RestaurantServiceImpl - 系統異常 - acceptOrder: orderId=NONEXISTENT-ORDER, restaurantId=REST-001
java.lang.IllegalArgumentException: 訂單不存在: NONEXISTENT-ORDER
	at com.deliveryplatform.services.RestaurantServiceImpl.lambda$getOrderAndValidateOwnership$0(RestaurantServiceImpl.java:246) ~[classes/:?]
	at java.util.Optional.orElseThrow(Optional.java:403) ~[?:?]
	at com.deliveryplatform.services.RestaurantServiceImpl.getOrderAndValidateOwnership(RestaurantServiceImpl.java:246) ~[classes/:?]
	at com.deliveryplatform.services.RestaurantServiceImpl.validateOrderForAcceptance(RestaurantServiceImpl.java:195) ~[classes/:?]
	at com.deliveryplatform.services.RestaurantServiceImpl.acceptOrder(RestaurantServiceImpl.java:46) [classes/:?]
	at com.deliveryplatform.services.RestaurantServiceTest.lambda$testAcceptOrder_OrderNotFound$0(RestaurantServiceTest.java:80) [test-classes/:?]
	at org.junit.jupiter.api.AssertThrows.assertThrows(AssertThrows.java:53) [junit-jupiter-api-5.9.3.jar:5.9.3]
	at org.junit.jupiter.api.AssertThrows.assertThrows(AssertThrows.java:35) [junit-jupiter-api-5.9.3.jar:5.9.3]
	at org.junit.jupiter.api.Assertions.assertThrows(Assertions.java:3083) [junit-jupiter-api-5.9.3.jar:5.9.3]
	at com.deliveryplatform.services.RestaurantServiceTest.testAcceptOrder_OrderNotFound(RestaurantServiceTest.java:79) [test-classes/:?]
	at jdk.internal.reflect.DirectMethodHandleAccessor.invoke(DirectMethodHandleAccessor.java:104) ~[?:?]
	at java.lang.reflect.Method.invoke(Method.java:565) ~[?:?]
	at org.junit.platform.commons.util.ReflectionUtils.invokeMethod(ReflectionUtils.java:727) [junit-platform-commons-1.9.3.jar:1.9.3]
	at org.junit.jupiter.engine.execution.MethodInvocation.proceed(MethodInvocation.java:60) [junit-jupiter-engine-5.9.3.jar:5.9.3]
	at org.junit.jupiter.engine.execution.InvocationInterceptorChain$ValidatingInvocation.proceed(InvocationInterceptorChain.java:131) [junit-jupiter-engine-5.9.3.jar:5.9.3]
	at org.junit.jupiter.engine.extension.TimeoutExtension.intercept(TimeoutExtension.java:156) [junit-jupiter-engine-5.9.3.jar:5.9.3]
	at org.junit.jupiter.engine.extension.TimeoutExtension.interceptTestableMethod(TimeoutExtension.java:147) [junit-jupiter-engine-5.9.3.jar:5.9.3]
	at org.junit.jupiter.engine.extension.TimeoutExtension.interceptTestMethod(TimeoutExtension.java:86) [junit-jupiter-engine-5.9.3.jar:5.9.3]
	at org.junit.jupiter.engine.execution.InterceptingExecutableInvoker$ReflectiveInterceptorCall.lambda$ofVoidMethod$0(InterceptingExecutableInvoker.java:103) [junit-jupiter-engine-5.9.3.jar:5.9.3]
	at org.junit.jupiter.engine.execution.InterceptingExecutableInvoker.lambda$invoke$0(InterceptingExecutableInvoker.java:93) [junit-jupiter-engine-5.9.3.jar:5.9.3]
	at org.junit.jupiter.engine.execution.InvocationInterceptorChain$InterceptedInvocation.proceed(InvocationInterceptorChain.java:106) [junit-jupiter-engine-5.9.3.jar:5.9.3]
	at org.junit.jupiter.engine.execution.InvocationInterceptorChain.proceed(InvocationInterceptorChain.java:64) [junit-jupiter-engine-5.9.3.jar:5.9.3]
	at org.junit.jupiter.engine.execution.InvocationInterceptorChain.chainAndInvoke(InvocationInterceptorChain.java:45) [junit-jupiter-engine-5.9.3.jar:5.9.3]
	at org.junit.jupiter.engine.execution.InvocationInterceptorChain.invoke(InvocationInterceptorChain.java:37) [junit-jupiter-engine-5.9.3.jar:5.9.3]
	at org.junit.jupiter.engine.execution.InterceptingExecutableInvoker.invoke(InterceptingExecutableInvoker.java:92) [junit-jupiter-engine-5.9.3.jar:5.9.3]
	at org.junit.jupiter.engine.execution.InterceptingExecutableInvoker.invoke(InterceptingExecutableInvoker.java:86) [junit-jupiter-engine-5.9.3.jar:5.9.3]
	at org.junit.jupiter.engine.descriptor.TestMethodTestDescriptor.lambda$invokeTestMethod$7(TestMethodTestDescriptor.java:217) [junit-jupiter-engine-5.9.3.jar:5.9.3]
	at org.junit.platform.engine.support.hierarchical.ThrowableCollector.execute(ThrowableCollector.java:73) [junit-platform-engine-1.9.3.jar:1.9.3]
	at org.junit.jupiter.engine.descriptor.TestMethodTestDescriptor.invokeTestMethod(TestMethodTestDescriptor.java:213) [junit-jupiter-engine-5.9.3.jar:5.9.3]
	at org.junit.jupiter.engine.descriptor.TestMethodTestDescriptor.execute(TestMethodTestDescriptor.java:138) [junit-jupiter-engine-5.9.3.jar:5.9.3]
	at org.junit.jupiter.engine.descriptor.TestMethodTestDescriptor.execute(TestMethodTestDescriptor.java:68) [junit-jupiter-engine-5.9.3.jar:5.9.3]
	at org.junit.platform.engine.support.hierarchical.NodeTestTask.lambda$executeRecursively$6(NodeTestTask.java:151) [junit-platform-engine-1.9.3.jar:1.9.3]
	at org.junit.platform.engine.support.hierarchical.ThrowableCollector.execute(ThrowableCollector.java:73) [junit-platform-engine-1.9.3.jar:1.9.3]
	at org.junit.platform.engine.support.hierarchical.NodeTestTask.lambda$executeRecursively$8(NodeTestTask.java:141) [junit-platform-engine-1.9.3.jar:1.9.3]
	at org.junit.platform.engine.support.hierarchical.Node.around(Node.java:137) [junit-platform-engine-1.9.3.jar:1.9.3]
	at org.junit.platform.engine.support.hierarchical.NodeTestTask.lambda$executeRecursively$9(NodeTestTask.java:139) [junit-platform-engine-1.9.3.jar:1.9.3]
	at org.junit.platform.engine.support.hierarchical.ThrowableCollector.execute(ThrowableCollector.java:73) [junit-platform-engine-1.9.3.jar:1.9.3]
	at org.junit.platform.engine.support.hierarchical.NodeTestTask.executeRecursively(NodeTestTask.java:138) [junit-platform-engine-1.9.3.jar:1.9.3]
	at org.junit.platform.engine.support.hierarchical.NodeTestTask.execute(NodeTestTask.java:95) [junit-platform-engine-1.9.3.jar:1.9.3]
	at java.util.ArrayList.forEach(ArrayList.java:1604) [?:?]
	at org.junit.platform.engine.support.hierarchical.SameThreadHierarchicalTestExecutorService.invokeAll(SameThreadHierarchicalTestExecutorService.java:41) [junit-platform-engine-1.9.3.jar:1.9.3]
	at org.junit.platform.engine.support.hierarchical.NodeTestTask.lambda$executeRecursively$6(NodeTestTask.java:155) [junit-platform-engine-1.9.3.jar:1.9.3]
	at org.junit.platform.engine.support.hierarchical.ThrowableCollector.execute(ThrowableCollector.java:73) [junit-platform-engine-1.9.3.jar:1.9.3]
	at org.junit.platform.engine.support.hierarchical.NodeTestTask.lambda$executeRecursively$8(NodeTestTask.java:141) [junit-platform-engine-1.9.3.jar:1.9.3]
	at org.junit.platform.engine.support.hierarchical.Node.around(Node.java:137) [junit-platform-engine-1.9.3.jar:1.9.3]
	at org.junit.platform.engine.support.hierarchical.NodeTestTask.lambda$executeRecursively$9(NodeTestTask.java:139) [junit-platform-engine-1.9.3.jar:1.9.3]
	at org.junit.platform.engine.support.hierarchical.ThrowableCollector.execute(ThrowableCollector.java:73) [junit-platform-engine-1.9.3.jar:1.9.3]
	at org.junit.platform.engine.support.hierarchical.NodeTestTask.executeRecursively(NodeTestTask.java:138) [junit-platform-engine-1.9.3.jar:1.9.3]
	at org.junit.platform.engine.support.hierarchical.NodeTestTask.execute(NodeTestTask.java:95) [junit-platform-engine-1.9.3.jar:1.9.3]
	at java.util.ArrayList.forEach(ArrayList.java:1604) [?:?]
	at org.junit.platform.engine.support.hierarchical.SameThreadHierarchicalTestExecutorService.invokeAll(SameThreadHierarchicalTestExecutorService.java:41) [junit-platform-engine-1.9.3.jar:1.9.3]
	at org.junit.platform.engine.support.hierarchical.NodeTestTask.lambda$executeRecursively$6(NodeTestTask.java:155) [junit-platform-engine-1.9.3.jar:1.9.3]
	at org.junit.platform.engine.support.hierarchical.ThrowableCollector.execute(ThrowableCollector.java:73) [junit-platform-engine-1.9.3.jar:1.9.3]
	at org.junit.platform.engine.support.hierarchical.NodeTestTask.lambda$executeRecursively$8(NodeTestTask.java:141) [junit-platform-engine-1.9.3.jar:1.9.3]
	at org.junit.platform.engine.support.hierarchical.Node.around(Node.java:137) [junit-platform-engine-1.9.3.jar:1.9.3]
	at org.junit.platform.engine.support.hierarchical.NodeTestTask.lambda$executeRecursively$9(NodeTestTask.java:139) [junit-platform-engine-1.9.3.jar:1.9.3]
	at org.junit.platform.engine.support.hierarchical.ThrowableCollector.execute(ThrowableCollector.java:73) [junit-platform-engine-1.9.3.jar:1.9.3]
	at org.junit.platform.engine.support.hierarchical.NodeTestTask.executeRecursively(NodeTestTask.java:138) [junit-platform-engine-1.9.3.jar:1.9.3]
	at org.junit.platform.engine.support.hierarchical.NodeTestTask.execute(NodeTestTask.java:95) [junit-platform-engine-1.9.3.jar:1.9.3]
	at org.junit.platform.engine.support.hierarchical.SameThreadHierarchicalTestExecutorService.submit(SameThreadHierarchicalTestExecutorService.java:35) [junit-platform-engine-1.9.3.jar:1.9.3]
	at org.junit.platform.engine.support.hierarchical.HierarchicalTestExecutor.execute(HierarchicalTestExecutor.java:57) [junit-platform-engine-1.9.3.jar:1.9.3]
	at org.junit.platform.engine.support.hierarchical.HierarchicalTestEngine.execute(HierarchicalTestEngine.java:54) [junit-platform-engine-1.9.3.jar:1.9.3]
	at org.junit.platform.launcher.core.EngineExecutionOrchestrator.execute(EngineExecutionOrchestrator.java:147) [junit-platform-launcher-1.9.3.jar:1.9.3]
	at org.junit.platform.launcher.core.EngineExecutionOrchestrator.execute(EngineExecutionOrchestrator.java:127) [junit-platform-launcher-1.9.3.jar:1.9.3]
	at org.junit.platform.launcher.core.EngineExecutionOrchestrator.execute(EngineExecutionOrchestrator.java:90) [junit-platform-launcher-1.9.3.jar:1.9.3]
	at org.junit.platform.launcher.core.EngineExecutionOrchestrator.lambda$execute$0(EngineExecutionOrchestrator.java:55) [junit-platform-launcher-1.9.3.jar:1.9.3]
	at org.junit.platform.launcher.core.EngineExecutionOrchestrator.withInterceptedStreams(EngineExecutionOrchestrator.java:102) [junit-platform-launcher-1.9.3.jar:1.9.3]
	at org.junit.platform.launcher.core.EngineExecutionOrchestrator.execute(EngineExecutionOrchestrator.java:54) [junit-platform-launcher-1.9.3.jar:1.9.3]
	at org.junit.platform.launcher.core.DefaultLauncher.execute(DefaultLauncher.java:114) [junit-platform-launcher-1.9.3.jar:1.9.3]
	at org.junit.platform.launcher.core.DefaultLauncher.execute(DefaultLauncher.java:86) [junit-platform-launcher-1.9.3.jar:1.9.3]
	at org.junit.platform.launcher.core.DefaultLauncherSession$DelegatingLauncher.execute(DefaultLauncherSession.java:86) [junit-platform-launcher-1.9.3.jar:1.9.3]
	at org.apache.maven.surefire.junitplatform.LazyLauncher.execute(LazyLauncher.java:50) [surefire-junit-platform-3.1.0.jar:3.1.0]
	at org.apache.maven.surefire.junitplatform.JUnitPlatformProvider.execute(JUnitPlatformProvider.java:184) [surefire-junit-platform-3.1.0.jar:3.1.0]
	at org.apache.maven.surefire.junitplatform.JUnitPlatformProvider.invokeAllTests(JUnitPlatformProvider.java:148) [surefire-junit-platform-3.1.0.jar:3.1.0]
	at org.apache.maven.surefire.junitplatform.JUnitPlatformProvider.invoke(JUnitPlatformProvider.java:122) [surefire-junit-platform-3.1.0.jar:3.1.0]
	at org.apache.maven.surefire.booter.ForkedBooter.runSuitesInProcess(ForkedBooter.java:385) [surefire-booter-3.1.0.jar:3.1.0]
	at org.apache.maven.surefire.booter.ForkedBooter.execute(ForkedBooter.java:162) [surefire-booter-3.1.0.jar:3.1.0]
	at org.apache.maven.surefire.booter.ForkedBooter.run(ForkedBooter.java:507) [surefire-booter-3.1.0.jar:3.1.0]
	at org.apache.maven.surefire.booter.ForkedBooter.main(ForkedBooter.java:495) [surefire-booter-3.1.0.jar:3.1.0]
2025-10-16 11:05:43.487 [main] INFO  com.deliveryplatform.models.Order - Order created: orderId=ORD-48ECE167, customerId=CUST-001, restaurantId=REST-001, amount=15.99
2025-10-16 11:05:43.490 [main] INFO  com.deliveryplatform.services.RestaurantServiceImpl - 餐廳 REST-001 開始製作訂單 ORD-48ECE167
2025-10-16 11:05:43.490 [main] WARN  com.deliveryplatform.services.RestaurantServiceImpl - 業務異常 - startPreparingOrder: orderId=ORD-48ECE167, restaurantId=REST-001, 錯誤=Cannot transition order ORD-48ECE167 from PENDING to PREPARING: 訂單必須為 ACCEPTED 狀態才能開始製作
2025-10-16 11:05:43.493 [main] INFO  com.deliveryplatform.models.Order - Order created: orderId=ORD-18563917, customerId=CUST-001, restaurantId=REST-001, amount=15.99
2025-10-16 11:05:43.495 [main] INFO  com.deliveryplatform.services.RestaurantServiceImpl - 餐廳 NONEXISTENT-REST 嘗試接單 ORD-18563917
2025-10-16 11:05:43.495 [main] WARN  com.deliveryplatform.services.RestaurantServiceImpl - 業務異常 - acceptOrder: orderId=ORD-18563917, restaurantId=NONEXISTENT-REST, 錯誤=Restaurant NONEXISTENT-REST is currently unavailable: 餐廳不存在
2025-10-16 11:05:43.497 [main] INFO  com.deliveryplatform.models.Order - Order created: orderId=ORD-2673610E, customerId=CUST-001, restaurantId=REST-001, amount=15.99
2025-10-16 11:05:43.497 [main] INFO  com.deliveryplatform.services.RestaurantServiceImpl - 餐廳 REST-001 嘗試接單 ORD-2673610E
2025-10-16 11:05:43.577 [main] INFO  com.deliveryplatform.models.Order - Order status transition: orderId=ORD-2673610E, from=PENDING, to=ACCEPTED
2025-10-16 11:05:43.577 [main] INFO  com.deliveryplatform.services.RestaurantServiceImpl - 餐廳 REST-001 成功接單 ORD-2673610E
2025-10-16 11:05:43.577 [main] INFO  com.deliveryplatform.services.RestaurantServiceImpl - 餐廳 REST-001 開始製作訂單 ORD-2673610E
2025-10-16 11:05:43.577 [main] INFO  com.deliveryplatform.models.Order - Order status transition: orderId=ORD-2673610E, from=ACCEPTED, to=PREPARING
2025-10-16 11:05:43.577 [main] INFO  com.deliveryplatform.services.RestaurantServiceImpl - 餐廳 REST-001 成功開始製作訂單 ORD-2673610E
2025-10-16 11:05:43.581 [main] INFO  com.deliveryplatform.models.Order - Order created: orderId=ORD-7E0F362F, customerId=CUST-001, restaurantId=REST-001, amount=15.99
2025-10-16 11:05:43.582 [main] INFO  com.deliveryplatform.services.RestaurantServiceImpl - 餐廳 WRONG-REST 嘗試接單 ORD-7E0F362F
2025-10-16 11:05:43.583 [main] WARN  com.deliveryplatform.services.RestaurantServiceImpl - 業務異常 - acceptOrder: orderId=ORD-7E0F362F, restaurantId=WRONG-REST, 錯誤=Restaurant WRONG-REST is currently unavailable: 餐廳不存在
2025-10-16 11:05:43.588 [main] INFO  com.deliveryplatform.models.Order - Order created: orderId=ORD-821EB22E, customerId=CUST-001, restaurantId=REST-001, amount=15.99
2025-10-16 11:05:43.589 [main] INFO  com.deliveryplatform.services.RestaurantServiceImpl - 餐廳 REST-001 拒絕訂單 ORD-821EB22E - 原因: 餐廳太忙
2025-10-16 11:05:43.589 [main] INFO  com.deliveryplatform.models.Order - Order status transition: orderId=ORD-821EB22E, from=PENDING, to=REJECTED
2025-10-16 11:05:43.589 [main] INFO  com.deliveryplatform.services.RestaurantServiceImpl - 餐廳 REST-001 成功拒絕訂單 ORD-821EB22E - 原因: 餐廳太忙
2025-10-16 11:05:43.592 [main] INFO  com.deliveryplatform.models.Order - Order created: orderId=ORD-AD961646, customerId=CUST-001, restaurantId=REST-001, amount=15.99
2025-10-16 11:05:43.593 [main] INFO  com.deliveryplatform.services.RestaurantServiceImpl - 餐廳 REST-001 嘗試接單 ORD-AD961646
2025-10-16 11:05:43.593 [main] INFO  com.deliveryplatform.models.Order - Order status transition: orderId=ORD-AD961646, from=PENDING, to=ACCEPTED
2025-10-16 11:05:43.593 [main] INFO  com.deliveryplatform.services.RestaurantServiceImpl - 餐廳 REST-001 成功接單 ORD-AD961646
2025-10-16 11:05:43.593 [main] INFO  com.deliveryplatform.services.RestaurantServiceImpl - 餐廳 REST-001 開始製作訂單 ORD-AD961646
2025-10-16 11:05:43.593 [main] INFO  com.deliveryplatform.models.Order - Order status transition: orderId=ORD-AD961646, from=ACCEPTED, to=PREPARING
2025-10-16 11:05:43.594 [main] INFO  com.deliveryplatform.services.RestaurantServiceImpl - 餐廳 REST-001 成功開始製作訂單 ORD-AD961646
2025-10-16 11:05:43.594 [main] INFO  com.deliveryplatform.services.RestaurantServiceImpl - 餐廳 REST-001 標記訂單 ORD-AD961646 完成製作
2025-10-16 11:05:43.594 [main] INFO  com.deliveryplatform.models.Order - Order status transition: orderId=ORD-AD961646, from=PREPARING, to=READY_FOR_DELIVERY
2025-10-16 11:05:43.594 [main] INFO  com.deliveryplatform.services.RestaurantServiceImpl - 餐廳 REST-001 成功標記訂單 ORD-AD961646 完成製作
2025-10-16 11:05:43.597 [main] INFO  com.deliveryplatform.models.Order - Order created: orderId=ORD-89270377, customerId=CUST-001, restaurantId=REST-001, amount=15.99
2025-10-16 11:05:43.598 [main] INFO  com.deliveryplatform.services.RestaurantServiceImpl - 餐廳 REST-001 嘗試接單 ORD-89270377
2025-10-16 11:05:43.598 [main] INFO  com.deliveryplatform.models.Order - Order status transition: orderId=ORD-89270377, from=PENDING, to=ACCEPTED
2025-10-16 11:05:43.598 [main] INFO  com.deliveryplatform.services.RestaurantServiceImpl - 餐廳 REST-001 成功接單 ORD-89270377
2025-10-16 11:07:12.703 [com.deliveryplatform.demo.CoreRequirementsDemo.main()] INFO  com.deliveryplatform.demo.CoreRequirementsDemo - === 美食外送伺服端功能演示開始 ===
2025-10-16 11:07:12.706 [com.deliveryplatform.demo.CoreRequirementsDemo.main()] INFO  com.deliveryplatform.demo.CoreRequirementsDemo - 初始化服務組件...
2025-10-16 11:07:12.711 [com.deliveryplatform.demo.CoreRequirementsDemo.main()] INFO  com.deliveryplatform.services.DeliveryService - Driver added to available pool: driverId=DRIVER-001
2025-10-16 11:07:12.711 [com.deliveryplatform.demo.CoreRequirementsDemo.main()] INFO  com.deliveryplatform.services.DeliveryService - Driver added to available pool: driverId=DRIVER-002
2025-10-16 11:07:12.711 [com.deliveryplatform.demo.CoreRequirementsDemo.main()] INFO  com.deliveryplatform.services.DeliveryService - Driver added to available pool: driverId=DRIVER-003
2025-10-16 11:07:12.712 [com.deliveryplatform.demo.CoreRequirementsDemo.main()] INFO  com.deliveryplatform.services.DeliveryService - Driver added to available pool: driverId=DRIVER-004
2025-10-16 11:07:12.712 [com.deliveryplatform.demo.CoreRequirementsDemo.main()] INFO  com.deliveryplatform.services.DeliveryService - Driver added to available pool: driverId=DRIVER-005
2025-10-16 11:07:12.713 [com.deliveryplatform.demo.CoreRequirementsDemo.main()] INFO  com.deliveryplatform.demo.CoreRequirementsDemo - 服務組件初始化完成
2025-10-16 11:07:12.714 [com.deliveryplatform.demo.CoreRequirementsDemo.main()] INFO  com.deliveryplatform.demo.CoreRequirementsDemo - === 1. 演示顧客訂單功能 ===
2025-10-16 11:07:12.735 [com.deliveryplatform.demo.CoreRequirementsDemo.main()] INFO  com.deliveryplatform.services.OrderService - Creating order: customerId=CUST-001, restaurantId=REST-001, itemCount=2
2025-10-16 11:07:12.740 [com.deliveryplatform.demo.CoreRequirementsDemo.main()] INFO  com.deliveryplatform.models.Order - Order created: orderId=ORD-9C709119, customerId=CUST-001, restaurantId=REST-001, amount=41.30
2025-10-16 11:07:12.741 [com.deliveryplatform.demo.CoreRequirementsDemo.main()] INFO  com.deliveryplatform.services.OrderService - Order created successfully: orderId=ORD-9C709119, amount=41.30
2025-10-16 11:07:12.741 [com.deliveryplatform.demo.CoreRequirementsDemo.main()] INFO  com.deliveryplatform.demo.CoreRequirementsDemo - 顧客訂單建立成功: orderId=ORD-9C709119, status=PENDING, amount=$41.30
2025-10-16 11:07:12.741 [com.deliveryplatform.demo.CoreRequirementsDemo.main()] INFO  com.deliveryplatform.demo.CoreRequirementsDemo - 目前訂單狀態: PENDING
2025-10-16 11:07:12.741 [com.deliveryplatform.demo.CoreRequirementsDemo.main()] INFO  com.deliveryplatform.demo.CoreRequirementsDemo - 可轉換到的狀態: [ACCEPTED, CANCELLED, REJECTED]
2025-10-16 11:07:12.742 [com.deliveryplatform.demo.CoreRequirementsDemo.main()] INFO  com.deliveryplatform.demo.CoreRequirementsDemo - === 2. 演示餐廳 acceptOrder() 功能 ===
2025-10-16 11:07:12.742 [com.deliveryplatform.demo.CoreRequirementsDemo.main()] INFO  com.deliveryplatform.services.OrderService - Creating order: customerId=CUST-002, restaurantId=REST-001, itemCount=1
2025-10-16 11:07:12.742 [com.deliveryplatform.demo.CoreRequirementsDemo.main()] INFO  com.deliveryplatform.models.Order - Order created: orderId=ORD-76990FAA, customerId=CUST-002, restaurantId=REST-001, amount=21.90
2025-10-16 11:07:12.743 [com.deliveryplatform.demo.CoreRequirementsDemo.main()] INFO  com.deliveryplatform.services.OrderService - Order created successfully: orderId=ORD-76990FAA, amount=21.90
2025-10-16 11:07:12.743 [com.deliveryplatform.demo.CoreRequirementsDemo.main()] INFO  com.deliveryplatform.services.RestaurantServiceImpl - 餐廳 REST-001 嘗試接單 ORD-76990FAA
2025-10-16 11:07:12.744 [com.deliveryplatform.demo.CoreRequirementsDemo.main()] INFO  com.deliveryplatform.models.Order - Order status transition: orderId=ORD-76990FAA, from=PENDING, to=ACCEPTED
2025-10-16 11:07:12.744 [com.deliveryplatform.demo.CoreRequirementsDemo.main()] INFO  com.deliveryplatform.services.RestaurantServiceImpl - 餐廳 REST-001 成功接單 ORD-76990FAA
2025-10-16 11:07:12.745 [com.deliveryplatform.demo.CoreRequirementsDemo.main()] INFO  com.deliveryplatform.demo.CoreRequirementsDemo - 餐廳成功接單: orderId=ORD-76990FAA, restaurantId=REST-001
2025-10-16 11:07:12.745 [com.deliveryplatform.demo.CoreRequirementsDemo.main()] INFO  com.deliveryplatform.demo.CoreRequirementsDemo - 訂單狀態已更新: PENDING → ACCEPTED
2025-10-16 11:07:12.745 [com.deliveryplatform.demo.CoreRequirementsDemo.main()] INFO  com.deliveryplatform.demo.CoreRequirementsDemo - === 3. 演示外送員接單功能 ===
2025-10-16 11:07:12.745 [com.deliveryplatform.demo.CoreRequirementsDemo.main()] INFO  com.deliveryplatform.services.OrderService - Creating order: customerId=CUST-003, restaurantId=REST-001, itemCount=1
2025-10-16 11:07:12.746 [com.deliveryplatform.demo.CoreRequirementsDemo.main()] INFO  com.deliveryplatform.models.Order - Order created: orderId=ORD-085F5D57, customerId=CUST-003, restaurantId=REST-001, amount=16.50
2025-10-16 11:07:12.746 [com.deliveryplatform.demo.CoreRequirementsDemo.main()] INFO  com.deliveryplatform.services.OrderService - Order created successfully: orderId=ORD-085F5D57, amount=16.50
2025-10-16 11:07:12.746 [com.deliveryplatform.demo.CoreRequirementsDemo.main()] INFO  com.deliveryplatform.services.RestaurantServiceImpl - 餐廳 REST-001 嘗試接單 ORD-085F5D57
2025-10-16 11:07:12.746 [com.deliveryplatform.demo.CoreRequirementsDemo.main()] INFO  com.deliveryplatform.models.Order - Order status transition: orderId=ORD-085F5D57, from=PENDING, to=ACCEPTED
2025-10-16 11:07:12.746 [com.deliveryplatform.demo.CoreRequirementsDemo.main()] INFO  com.deliveryplatform.services.RestaurantServiceImpl - 餐廳 REST-001 成功接單 ORD-085F5D57
2025-10-16 11:07:12.747 [com.deliveryplatform.demo.CoreRequirementsDemo.main()] INFO  com.deliveryplatform.services.RestaurantServiceImpl - 餐廳 REST-001 開始製作訂單 ORD-085F5D57
2025-10-16 11:07:12.748 [com.deliveryplatform.demo.CoreRequirementsDemo.main()] INFO  com.deliveryplatform.models.Order - Order status transition: orderId=ORD-085F5D57, from=ACCEPTED, to=PREPARING
2025-10-16 11:07:12.748 [com.deliveryplatform.demo.CoreRequirementsDemo.main()] INFO  com.deliveryplatform.services.RestaurantServiceImpl - 餐廳 REST-001 成功開始製作訂單 ORD-085F5D57
2025-10-16 11:07:12.748 [com.deliveryplatform.demo.CoreRequirementsDemo.main()] INFO  com.deliveryplatform.services.RestaurantServiceImpl - 餐廳 REST-001 標記訂單 ORD-085F5D57 完成製作
2025-10-16 11:07:12.748 [com.deliveryplatform.demo.CoreRequirementsDemo.main()] INFO  com.deliveryplatform.models.Order - Order status transition: orderId=ORD-085F5D57, from=PREPARING, to=READY_FOR_DELIVERY
2025-10-16 11:07:12.748 [com.deliveryplatform.demo.CoreRequirementsDemo.main()] INFO  com.deliveryplatform.services.RestaurantServiceImpl - 餐廳 REST-001 成功標記訂單 ORD-085F5D57 完成製作
2025-10-16 11:07:12.749 [com.deliveryplatform.demo.CoreRequirementsDemo.main()] INFO  com.deliveryplatform.services.DeliveryService - Driver added to available pool: driverId=DRIVER-001
2025-10-16 11:07:12.749 [com.deliveryplatform.demo.CoreRequirementsDemo.main()] INFO  com.deliveryplatform.services.DeliveryService - Attempting to assign driver for order: ORD-085F5D57
2025-10-16 11:07:12.750 [com.deliveryplatform.demo.CoreRequirementsDemo.main()] INFO  com.deliveryplatform.models.Order - Driver DRIVER-005 assigned to order ORD-085F5D57
2025-10-16 11:07:12.750 [com.deliveryplatform.demo.CoreRequirementsDemo.main()] INFO  com.deliveryplatform.models.Order - Order status transition: orderId=ORD-085F5D57, from=READY_FOR_DELIVERY, to=IN_DELIVERY
2025-10-16 11:07:12.751 [com.deliveryplatform.demo.CoreRequirementsDemo.main()] INFO  com.deliveryplatform.services.DeliveryService - Driver assigned successfully: orderId=ORD-085F5D57, driverId=DRIVER-005
2025-10-16 11:07:12.751 [com.deliveryplatform.demo.CoreRequirementsDemo.main()] INFO  com.deliveryplatform.demo.CoreRequirementsDemo - 外送員成功接單: orderId=ORD-085F5D57, driverId=DRIVER-005
2025-10-16 11:07:12.751 [com.deliveryplatform.demo.CoreRequirementsDemo.main()] INFO  com.deliveryplatform.services.DeliveryService - Completing delivery: orderId=ORD-085F5D57, driverId=DRIVER-005
2025-10-16 11:07:12.751 [com.deliveryplatform.demo.CoreRequirementsDemo.main()] INFO  com.deliveryplatform.models.Order - Order status transition: orderId=ORD-085F5D57, from=IN_DELIVERY, to=DELIVERED
2025-10-16 11:07:12.752 [com.deliveryplatform.demo.CoreRequirementsDemo.main()] INFO  com.deliveryplatform.services.DeliveryService - Delivery completed successfully: orderId=ORD-085F5D57, driverId=DRIVER-005
2025-10-16 11:07:12.752 [com.deliveryplatform.demo.CoreRequirementsDemo.main()] INFO  com.deliveryplatform.demo.CoreRequirementsDemo - 訂單完整生命週期: PENDING → ACCEPTED → PREPARING → READY_FOR_DELIVERY → IN_DELIVERY → DELIVERED
2025-10-16 11:07:12.753 [com.deliveryplatform.demo.CoreRequirementsDemo.main()] INFO  com.deliveryplatform.demo.CoreRequirementsDemo - === 4. 演示各種例外處理 ===
2025-10-16 11:07:12.753 [com.deliveryplatform.demo.CoreRequirementsDemo.main()] INFO  com.deliveryplatform.demo.CoreRequirementsDemo - 4.1 測試 OrderValidationException (Checked Exception)
2025-10-16 11:07:12.754 [com.deliveryplatform.demo.CoreRequirementsDemo.main()] INFO  com.deliveryplatform.services.OrderService - Creating order: customerId=null, restaurantId=, itemCount=0
2025-10-16 11:07:12.757 [com.deliveryplatform.demo.CoreRequirementsDemo.main()] WARN  com.deliveryplatform.services.OrderService - Order validation failed: customerId=null, restaurantId=, errors=[Customer ID is required, Restaurant ID is required, Delivery address is required, Order must have at least one item]
2025-10-16 11:07:12.757 [com.deliveryplatform.demo.CoreRequirementsDemo.main()] WARN  com.deliveryplatform.demo.CoreRequirementsDemo - 捕獲 OrderValidationException: errorCode=ORDER_VALIDATION_FAILED, errorCount=4
2025-10-16 11:07:12.758 [com.deliveryplatform.demo.CoreRequirementsDemo.main()] WARN  com.deliveryplatform.demo.CoreRequirementsDemo - 驗證錯誤詳情: [Customer ID is required, Restaurant ID is required, Delivery address is required, Order must have at least one item]
2025-10-16 11:07:12.758 [com.deliveryplatform.demo.CoreRequirementsDemo.main()] INFO  com.deliveryplatform.demo.CoreRequirementsDemo - 4.2 測試 RestaurantUnavailableException (Checked Exception)
2025-10-16 11:07:12.759 [com.deliveryplatform.demo.CoreRequirementsDemo.main()] INFO  com.deliveryplatform.services.RestaurantServiceImpl - 餐廳 REST-002 嘗試接單 FAKE-ORDER
2025-10-16 11:07:12.760 [com.deliveryplatform.demo.CoreRequirementsDemo.main()] WARN  com.deliveryplatform.services.RestaurantServiceImpl - 業務異常 - acceptOrder: orderId=FAKE-ORDER, restaurantId=REST-002, 錯誤=Restaurant REST-002 is currently unavailable: 餐廳已關閉
2025-10-16 11:07:12.760 [com.deliveryplatform.demo.CoreRequirementsDemo.main()] WARN  com.deliveryplatform.demo.CoreRequirementsDemo - 捕獲 RestaurantUnavailableException: restaurantId=REST-002, errorCode=RESTAURANT_UNAVAILABLE
2025-10-16 11:07:12.760 [com.deliveryplatform.demo.CoreRequirementsDemo.main()] INFO  com.deliveryplatform.demo.CoreRequirementsDemo - 4.3 測試 InvalidOrderStateException (Checked Exception)
2025-10-16 11:07:12.761 [com.deliveryplatform.demo.CoreRequirementsDemo.main()] INFO  com.deliveryplatform.services.RestaurantServiceImpl - 餐廳 REST-001 開始製作訂單 NONEXISTENT-ORDER
2025-10-16 11:07:12.761 [com.deliveryplatform.demo.CoreRequirementsDemo.main()] ERROR com.deliveryplatform.services.RestaurantServiceImpl - 系統異常 - startPreparingOrder: orderId=NONEXISTENT-ORDER, restaurantId=REST-001
java.lang.IllegalArgumentException: 訂單不存在: NONEXISTENT-ORDER
	at com.deliveryplatform.services.RestaurantServiceImpl.lambda$getOrderAndValidateOwnership$0(RestaurantServiceImpl.java:246) ~[classes/:?]
	at java.util.Optional.orElseThrow(Optional.java:403) ~[?:?]
	at com.deliveryplatform.services.RestaurantServiceImpl.getOrderAndValidateOwnership(RestaurantServiceImpl.java:246) ~[classes/:?]
	at com.deliveryplatform.services.RestaurantServiceImpl.validateOrderForPreparation(RestaurantServiceImpl.java:221) ~[classes/:?]
	at com.deliveryplatform.services.RestaurantServiceImpl.startPreparingOrder(RestaurantServiceImpl.java:126) [classes/:?]
	at com.deliveryplatform.demo.CoreRequirementsDemo.demonstrateExceptionHandling(CoreRequirementsDemo.java:261) [classes/:?]
	at com.deliveryplatform.demo.CoreRequirementsDemo.main(CoreRequirementsDemo.java:49) [classes/:?]
	at org.codehaus.mojo.exec.ExecJavaMojo.doExec(ExecJavaMojo.java:371) [exec-maven-plugin-3.6.1.jar:3.6.1]
	at org.codehaus.mojo.exec.ExecJavaMojo.lambda$execute$0(ExecJavaMojo.java:289) [exec-maven-plugin-3.6.1.jar:3.6.1]
	at java.lang.Thread.run(Thread.java:1474) [?:?]
2025-10-16 11:07:12.768 [com.deliveryplatform.demo.CoreRequirementsDemo.main()] ERROR com.deliveryplatform.demo.CoreRequirementsDemo - 其他系統錯誤
java.lang.RuntimeException: 開始製作失敗：系統錯誤
	at com.deliveryplatform.services.RestaurantServiceImpl.startPreparingOrder(RestaurantServiceImpl.java:138) ~[classes/:?]
	at com.deliveryplatform.demo.CoreRequirementsDemo.demonstrateExceptionHandling(CoreRequirementsDemo.java:261) [classes/:?]
	at com.deliveryplatform.demo.CoreRequirementsDemo.main(CoreRequirementsDemo.java:49) [classes/:?]
	at org.codehaus.mojo.exec.ExecJavaMojo.doExec(ExecJavaMojo.java:371) [exec-maven-plugin-3.6.1.jar:3.6.1]
	at org.codehaus.mojo.exec.ExecJavaMojo.lambda$execute$0(ExecJavaMojo.java:289) [exec-maven-plugin-3.6.1.jar:3.6.1]
	at java.lang.Thread.run(Thread.java:1474) [?:?]
Caused by: java.lang.IllegalArgumentException: 訂單不存在: NONEXISTENT-ORDER
	at com.deliveryplatform.services.RestaurantServiceImpl.lambda$getOrderAndValidateOwnership$0(RestaurantServiceImpl.java:246) ~[classes/:?]
	at java.util.Optional.orElseThrow(Optional.java:403) ~[?:?]
	at com.deliveryplatform.services.RestaurantServiceImpl.getOrderAndValidateOwnership(RestaurantServiceImpl.java:246) ~[classes/:?]
	at com.deliveryplatform.services.RestaurantServiceImpl.validateOrderForPreparation(RestaurantServiceImpl.java:221) ~[classes/:?]
	at com.deliveryplatform.services.RestaurantServiceImpl.startPreparingOrder(RestaurantServiceImpl.java:126) ~[classes/:?]
	... 5 more
2025-10-16 11:07:12.775 [com.deliveryplatform.demo.CoreRequirementsDemo.main()] INFO  com.deliveryplatform.demo.CoreRequirementsDemo - 4.4 測試 DeliveryAssignmentException (Checked Exception)
2025-10-16 11:07:12.775 [com.deliveryplatform.demo.CoreRequirementsDemo.main()] INFO  com.deliveryplatform.services.DeliveryService - Driver removed from available pool: driverId=DRIVER-001
2025-10-16 11:07:12.775 [com.deliveryplatform.demo.CoreRequirementsDemo.main()] INFO  com.deliveryplatform.services.DeliveryService - Driver removed from available pool: driverId=DRIVER-002
2025-10-16 11:07:12.775 [com.deliveryplatform.demo.CoreRequirementsDemo.main()] INFO  com.deliveryplatform.services.DeliveryService - Driver removed from available pool: driverId=DRIVER-003
2025-10-16 11:07:12.776 [com.deliveryplatform.demo.CoreRequirementsDemo.main()] INFO  com.deliveryplatform.services.DeliveryService - Driver removed from available pool: driverId=DRIVER-004
2025-10-16 11:07:12.776 [com.deliveryplatform.demo.CoreRequirementsDemo.main()] INFO  com.deliveryplatform.services.DeliveryService - Driver removed from available pool: driverId=DRIVER-005
2025-10-16 11:07:12.776 [com.deliveryplatform.demo.CoreRequirementsDemo.main()] INFO  com.deliveryplatform.services.DeliveryService - Attempting to assign driver for order: FAKE-ORDER
2025-10-16 11:07:12.776 [com.deliveryplatform.demo.CoreRequirementsDemo.main()] WARN  com.deliveryplatform.services.DeliveryService - Business exception in assignDriver: orderId=FAKE-ORDER, error=Cannot transition order FAKE-ORDER from null to IN_DELIVERY: Order must be ready for delivery to assign a driver
2025-10-16 11:07:12.776 [com.deliveryplatform.demo.CoreRequirementsDemo.main()] ERROR com.deliveryplatform.demo.CoreRequirementsDemo - 其他系統錯誤
com.deliveryplatform.exceptions.InvalidOrderStateException: Cannot transition order FAKE-ORDER from null to IN_DELIVERY: Order must be ready for delivery to assign a driver
	at com.deliveryplatform.services.DeliveryService.lambda$getOrderAndValidateForDelivery$1(DeliveryService.java:146) ~[classes/:?]
	at java.util.Optional.orElseThrow(Optional.java:403) ~[?:?]
	at com.deliveryplatform.services.DeliveryService.getOrderAndValidateForDelivery(DeliveryService.java:146) ~[classes/:?]
	at com.deliveryplatform.services.DeliveryService.assignDriver(DeliveryService.java:42) ~[classes/:?]
	at com.deliveryplatform.demo.CoreRequirementsDemo.demonstrateExceptionHandling(CoreRequirementsDemo.java:282) [classes/:?]
	at com.deliveryplatform.demo.CoreRequirementsDemo.main(CoreRequirementsDemo.java:49) [classes/:?]
	at org.codehaus.mojo.exec.ExecJavaMojo.doExec(ExecJavaMojo.java:371) [exec-maven-plugin-3.6.1.jar:3.6.1]
	at org.codehaus.mojo.exec.ExecJavaMojo.lambda$execute$0(ExecJavaMojo.java:289) [exec-maven-plugin-3.6.1.jar:3.6.1]
	at java.lang.Thread.run(Thread.java:1474) [?:?]
2025-10-16 11:07:12.777 [com.deliveryplatform.demo.CoreRequirementsDemo.main()] INFO  com.deliveryplatform.demo.CoreRequirementsDemo - 4.5 模擬 Unchecked Exception (程式碼邏輯錯誤)
2025-10-16 11:07:12.778 [com.deliveryplatform.demo.CoreRequirementsDemo.main()] ERROR com.deliveryplatform.demo.CoreRequirementsDemo - 捕獲 NullPointerException (Unchecked Exception): 程式碼邏輯錯誤
java.lang.NullPointerException: Cannot invoke "String.length()" because "nullString" is null
	at com.deliveryplatform.demo.CoreRequirementsDemo.demonstrateExceptionHandling(CoreRequirementsDemo.java:295) [classes/:?]
	at com.deliveryplatform.demo.CoreRequirementsDemo.main(CoreRequirementsDemo.java:49) [classes/:?]
	at org.codehaus.mojo.exec.ExecJavaMojo.doExec(ExecJavaMojo.java:371) [exec-maven-plugin-3.6.1.jar:3.6.1]
	at org.codehaus.mojo.exec.ExecJavaMojo.lambda$execute$0(ExecJavaMojo.java:289) [exec-maven-plugin-3.6.1.jar:3.6.1]
	at java.lang.Thread.run(Thread.java:1474) [?:?]
2025-10-16 11:07:12.778 [com.deliveryplatform.demo.CoreRequirementsDemo.main()] INFO  com.deliveryplatform.demo.CoreRequirementsDemo - === 5. 演示 Log4j2 日誌級別 ===
2025-10-16 11:07:12.778 [com.deliveryplatform.demo.CoreRequirementsDemo.main()] INFO  com.deliveryplatform.demo.CoreRequirementsDemo - INFO 級別: 記錄正常的業務操作流程
2025-10-16 11:07:12.779 [com.deliveryplatform.demo.CoreRequirementsDemo.main()] INFO  com.deliveryplatform.demo.CoreRequirementsDemo - INFO 級別: 用戶登入 userId=USER-123
2025-10-16 11:07:12.779 [com.deliveryplatform.demo.CoreRequirementsDemo.main()] INFO  com.deliveryplatform.demo.CoreRequirementsDemo - INFO 級別: 訂單狀態更新 orderId=ORDER-456, newStatus=DELIVERED
2025-10-16 11:07:12.779 [com.deliveryplatform.demo.CoreRequirementsDemo.main()] WARN  com.deliveryplatform.demo.CoreRequirementsDemo - WARN 級別: 記錄業務邏輯錯誤 (Checked Exception)
2025-10-16 11:07:12.779 [com.deliveryplatform.demo.CoreRequirementsDemo.main()] WARN  com.deliveryplatform.demo.CoreRequirementsDemo - WARN 級別: 餐廳容量已滿 restaurantId=REST-001, currentOrders=10
2025-10-16 11:07:12.779 [com.deliveryplatform.demo.CoreRequirementsDemo.main()] WARN  com.deliveryplatform.demo.CoreRequirementsDemo - WARN 級別: 訂單驗證失敗 orderId=ORDER-789, reason=無效的地址格式
2025-10-16 11:07:12.779 [com.deliveryplatform.demo.CoreRequirementsDemo.main()] ERROR com.deliveryplatform.demo.CoreRequirementsDemo - ERROR 級別: 記錄系統錯誤 (Unchecked Exception)
2025-10-16 11:07:12.779 [com.deliveryplatform.demo.CoreRequirementsDemo.main()] ERROR com.deliveryplatform.demo.CoreRequirementsDemo - ERROR 級別: 資料庫連線失敗
2025-10-16 11:07:12.780 [com.deliveryplatform.demo.CoreRequirementsDemo.main()] ERROR com.deliveryplatform.demo.CoreRequirementsDemo - ERROR 級別: 外部 API 呼叫超時 service=PaymentService, timeout=5000ms
2025-10-16 11:07:12.780 [com.deliveryplatform.demo.CoreRequirementsDemo.main()] INFO  com.deliveryplatform.demo.CoreRequirementsDemo - 日誌級別使用原則總結:
2025-10-16 11:07:12.780 [com.deliveryplatform.demo.CoreRequirementsDemo.main()] INFO  com.deliveryplatform.demo.CoreRequirementsDemo - - INFO: 記錄正常業務操作，用於追蹤系統執行流程
2025-10-16 11:07:12.780 [com.deliveryplatform.demo.CoreRequirementsDemo.main()] INFO  com.deliveryplatform.demo.CoreRequirementsDemo - - WARN: 記錄 Checked Exception (業務邏輯錯誤)，需要關注但不影響系統運行
2025-10-16 11:07:12.780 [com.deliveryplatform.demo.CoreRequirementsDemo.main()] INFO  com.deliveryplatform.demo.CoreRequirementsDemo - - ERROR: 記錄 Unchecked Exception (程式碼邏輯或環境錯誤)，嚴重問題需要立即處理
2025-10-16 11:07:12.781 [com.deliveryplatform.demo.CoreRequirementsDemo.main()] INFO  com.deliveryplatform.demo.CoreRequirementsDemo - 透過這些日誌，我們可以發現後端執行過程中發生的各種問題！
2025-10-16 11:07:12.781 [com.deliveryplatform.demo.CoreRequirementsDemo.main()] INFO  com.deliveryplatform.demo.CoreRequirementsDemo - === 美食外送伺服端功能演示結束 ===
2025-10-16 11:07:28.898 [com.deliveryplatform.demo.CoreRequirementsDemo.main()] INFO  com.deliveryplatform.demo.CoreRequirementsDemo - === 美食外送伺服端功能演示開始 ===
2025-10-16 11:07:28.900 [com.deliveryplatform.demo.CoreRequirementsDemo.main()] INFO  com.deliveryplatform.demo.CoreRequirementsDemo - 初始化服務組件...
2025-10-16 11:07:28.904 [com.deliveryplatform.demo.CoreRequirementsDemo.main()] INFO  com.deliveryplatform.services.DeliveryService - Driver added to available pool: driverId=DRIVER-001
2025-10-16 11:07:28.904 [com.deliveryplatform.demo.CoreRequirementsDemo.main()] INFO  com.deliveryplatform.services.DeliveryService - Driver added to available pool: driverId=DRIVER-002
2025-10-16 11:07:28.904 [com.deliveryplatform.demo.CoreRequirementsDemo.main()] INFO  com.deliveryplatform.services.DeliveryService - Driver added to available pool: driverId=DRIVER-003
2025-10-16 11:07:28.905 [com.deliveryplatform.demo.CoreRequirementsDemo.main()] INFO  com.deliveryplatform.services.DeliveryService - Driver added to available pool: driverId=DRIVER-004
2025-10-16 11:07:28.905 [com.deliveryplatform.demo.CoreRequirementsDemo.main()] INFO  com.deliveryplatform.services.DeliveryService - Driver added to available pool: driverId=DRIVER-005
2025-10-16 11:07:28.905 [com.deliveryplatform.demo.CoreRequirementsDemo.main()] INFO  com.deliveryplatform.demo.CoreRequirementsDemo - 服務組件初始化完成
2025-10-16 11:07:28.905 [com.deliveryplatform.demo.CoreRequirementsDemo.main()] INFO  com.deliveryplatform.demo.CoreRequirementsDemo - === 1. 演示顧客訂單功能 ===
2025-10-16 11:07:28.921 [com.deliveryplatform.demo.CoreRequirementsDemo.main()] INFO  com.deliveryplatform.services.OrderService - Creating order: customerId=CUST-001, restaurantId=REST-001, itemCount=2
2025-10-16 11:07:28.925 [com.deliveryplatform.demo.CoreRequirementsDemo.main()] INFO  com.deliveryplatform.models.Order - Order created: orderId=ORD-3E7DADC4, customerId=CUST-001, restaurantId=REST-001, amount=41.30
2025-10-16 11:07:28.925 [com.deliveryplatform.demo.CoreRequirementsDemo.main()] INFO  com.deliveryplatform.services.OrderService - Order created successfully: orderId=ORD-3E7DADC4, amount=41.30
2025-10-16 11:07:28.925 [com.deliveryplatform.demo.CoreRequirementsDemo.main()] INFO  com.deliveryplatform.demo.CoreRequirementsDemo - 顧客訂單建立成功: orderId=ORD-3E7DADC4, status=PENDING, amount=$41.30
2025-10-16 11:07:28.926 [com.deliveryplatform.demo.CoreRequirementsDemo.main()] INFO  com.deliveryplatform.demo.CoreRequirementsDemo - 目前訂單狀態: PENDING
2025-10-16 11:07:28.926 [com.deliveryplatform.demo.CoreRequirementsDemo.main()] INFO  com.deliveryplatform.demo.CoreRequirementsDemo - 可轉換到的狀態: [ACCEPTED, CANCELLED, REJECTED]
2025-10-16 11:07:28.926 [com.deliveryplatform.demo.CoreRequirementsDemo.main()] INFO  com.deliveryplatform.demo.CoreRequirementsDemo - === 2. 演示餐廳 acceptOrder() 功能 ===
2025-10-16 11:07:28.926 [com.deliveryplatform.demo.CoreRequirementsDemo.main()] INFO  com.deliveryplatform.services.OrderService - Creating order: customerId=CUST-002, restaurantId=REST-001, itemCount=1
2025-10-16 11:07:28.927 [com.deliveryplatform.demo.CoreRequirementsDemo.main()] INFO  com.deliveryplatform.models.Order - Order created: orderId=ORD-4D5C2B86, customerId=CUST-002, restaurantId=REST-001, amount=21.90
2025-10-16 11:07:28.927 [com.deliveryplatform.demo.CoreRequirementsDemo.main()] INFO  com.deliveryplatform.services.OrderService - Order created successfully: orderId=ORD-4D5C2B86, amount=21.90
2025-10-16 11:07:28.928 [com.deliveryplatform.demo.CoreRequirementsDemo.main()] INFO  com.deliveryplatform.services.RestaurantServiceImpl - 餐廳 REST-001 嘗試接單 ORD-4D5C2B86
2025-10-16 11:07:28.929 [com.deliveryplatform.demo.CoreRequirementsDemo.main()] INFO  com.deliveryplatform.models.Order - Order status transition: orderId=ORD-4D5C2B86, from=PENDING, to=ACCEPTED
2025-10-16 11:07:28.929 [com.deliveryplatform.demo.CoreRequirementsDemo.main()] INFO  com.deliveryplatform.services.RestaurantServiceImpl - 餐廳 REST-001 成功接單 ORD-4D5C2B86
2025-10-16 11:07:28.929 [com.deliveryplatform.demo.CoreRequirementsDemo.main()] INFO  com.deliveryplatform.demo.CoreRequirementsDemo - 餐廳成功接單: orderId=ORD-4D5C2B86, restaurantId=REST-001
2025-10-16 11:07:28.929 [com.deliveryplatform.demo.CoreRequirementsDemo.main()] INFO  com.deliveryplatform.demo.CoreRequirementsDemo - 訂單狀態已更新: PENDING → ACCEPTED
2025-10-16 11:07:28.930 [com.deliveryplatform.demo.CoreRequirementsDemo.main()] INFO  com.deliveryplatform.demo.CoreRequirementsDemo - === 3. 演示外送員接單功能 ===
2025-10-16 11:07:28.930 [com.deliveryplatform.demo.CoreRequirementsDemo.main()] INFO  com.deliveryplatform.services.OrderService - Creating order: customerId=CUST-003, restaurantId=REST-001, itemCount=1
2025-10-16 11:07:28.930 [com.deliveryplatform.demo.CoreRequirementsDemo.main()] INFO  com.deliveryplatform.models.Order - Order created: orderId=ORD-CB437805, customerId=CUST-003, restaurantId=REST-001, amount=16.50
2025-10-16 11:07:28.930 [com.deliveryplatform.demo.CoreRequirementsDemo.main()] INFO  com.deliveryplatform.services.OrderService - Order created successfully: orderId=ORD-CB437805, amount=16.50
2025-10-16 11:07:28.930 [com.deliveryplatform.demo.CoreRequirementsDemo.main()] INFO  com.deliveryplatform.services.RestaurantServiceImpl - 餐廳 REST-001 嘗試接單 ORD-CB437805
2025-10-16 11:07:28.930 [com.deliveryplatform.demo.CoreRequirementsDemo.main()] INFO  com.deliveryplatform.models.Order - Order status transition: orderId=ORD-CB437805, from=PENDING, to=ACCEPTED
2025-10-16 11:07:28.931 [com.deliveryplatform.demo.CoreRequirementsDemo.main()] INFO  com.deliveryplatform.services.RestaurantServiceImpl - 餐廳 REST-001 成功接單 ORD-CB437805
2025-10-16 11:07:28.931 [com.deliveryplatform.demo.CoreRequirementsDemo.main()] INFO  com.deliveryplatform.services.RestaurantServiceImpl - 餐廳 REST-001 開始製作訂單 ORD-CB437805
2025-10-16 11:07:28.931 [com.deliveryplatform.demo.CoreRequirementsDemo.main()] INFO  com.deliveryplatform.models.Order - Order status transition: orderId=ORD-CB437805, from=ACCEPTED, to=PREPARING
2025-10-16 11:07:28.931 [com.deliveryplatform.demo.CoreRequirementsDemo.main()] INFO  com.deliveryplatform.services.RestaurantServiceImpl - 餐廳 REST-001 成功開始製作訂單 ORD-CB437805
2025-10-16 11:07:28.931 [com.deliveryplatform.demo.CoreRequirementsDemo.main()] INFO  com.deliveryplatform.services.RestaurantServiceImpl - 餐廳 REST-001 標記訂單 ORD-CB437805 完成製作
2025-10-16 11:07:28.931 [com.deliveryplatform.demo.CoreRequirementsDemo.main()] INFO  com.deliveryplatform.models.Order - Order status transition: orderId=ORD-CB437805, from=PREPARING, to=READY_FOR_DELIVERY
2025-10-16 11:07:28.931 [com.deliveryplatform.demo.CoreRequirementsDemo.main()] INFO  com.deliveryplatform.services.RestaurantServiceImpl - 餐廳 REST-001 成功標記訂單 ORD-CB437805 完成製作
2025-10-16 11:07:28.931 [com.deliveryplatform.demo.CoreRequirementsDemo.main()] INFO  com.deliveryplatform.services.DeliveryService - Driver added to available pool: driverId=DRIVER-001
2025-10-16 11:07:28.932 [com.deliveryplatform.demo.CoreRequirementsDemo.main()] INFO  com.deliveryplatform.services.DeliveryService - Attempting to assign driver for order: ORD-CB437805
2025-10-16 11:07:28.932 [com.deliveryplatform.demo.CoreRequirementsDemo.main()] INFO  com.deliveryplatform.models.Order - Driver DRIVER-005 assigned to order ORD-CB437805
2025-10-16 11:07:28.932 [com.deliveryplatform.demo.CoreRequirementsDemo.main()] INFO  com.deliveryplatform.models.Order - Order status transition: orderId=ORD-CB437805, from=READY_FOR_DELIVERY, to=IN_DELIVERY
2025-10-16 11:07:28.932 [com.deliveryplatform.demo.CoreRequirementsDemo.main()] INFO  com.deliveryplatform.services.DeliveryService - Driver assigned successfully: orderId=ORD-CB437805, driverId=DRIVER-005
2025-10-16 11:07:28.932 [com.deliveryplatform.demo.CoreRequirementsDemo.main()] INFO  com.deliveryplatform.demo.CoreRequirementsDemo - 外送員成功接單: orderId=ORD-CB437805, driverId=DRIVER-005
2025-10-16 11:07:28.933 [com.deliveryplatform.demo.CoreRequirementsDemo.main()] INFO  com.deliveryplatform.services.DeliveryService - Completing delivery: orderId=ORD-CB437805, driverId=DRIVER-005
2025-10-16 11:07:28.933 [com.deliveryplatform.demo.CoreRequirementsDemo.main()] INFO  com.deliveryplatform.models.Order - Order status transition: orderId=ORD-CB437805, from=IN_DELIVERY, to=DELIVERED
2025-10-16 11:07:28.933 [com.deliveryplatform.demo.CoreRequirementsDemo.main()] INFO  com.deliveryplatform.services.DeliveryService - Delivery completed successfully: orderId=ORD-CB437805, driverId=DRIVER-005
2025-10-16 11:07:28.934 [com.deliveryplatform.demo.CoreRequirementsDemo.main()] INFO  com.deliveryplatform.demo.CoreRequirementsDemo - 訂單完整生命週期: PENDING → ACCEPTED → PREPARING → READY_FOR_DELIVERY → IN_DELIVERY → DELIVERED
2025-10-16 11:07:28.934 [com.deliveryplatform.demo.CoreRequirementsDemo.main()] INFO  com.deliveryplatform.demo.CoreRequirementsDemo - === 4. 演示各種例外處理 ===
2025-10-16 11:07:28.934 [com.deliveryplatform.demo.CoreRequirementsDemo.main()] INFO  com.deliveryplatform.demo.CoreRequirementsDemo - 4.1 測試 OrderValidationException (Checked Exception)
2025-10-16 11:07:28.934 [com.deliveryplatform.demo.CoreRequirementsDemo.main()] INFO  com.deliveryplatform.services.OrderService - Creating order: customerId=null, restaurantId=, itemCount=0
2025-10-16 11:07:28.935 [com.deliveryplatform.demo.CoreRequirementsDemo.main()] WARN  com.deliveryplatform.services.OrderService - Order validation failed: customerId=null, restaurantId=, errors=[Customer ID is required, Restaurant ID is required, Delivery address is required, Order must have at least one item]
2025-10-16 11:07:28.936 [com.deliveryplatform.demo.CoreRequirementsDemo.main()] WARN  com.deliveryplatform.demo.CoreRequirementsDemo - 捕獲 OrderValidationException: errorCode=ORDER_VALIDATION_FAILED, errorCount=4
2025-10-16 11:07:28.936 [com.deliveryplatform.demo.CoreRequirementsDemo.main()] WARN  com.deliveryplatform.demo.CoreRequirementsDemo - 驗證錯誤詳情: [Customer ID is required, Restaurant ID is required, Delivery address is required, Order must have at least one item]
2025-10-16 11:07:28.936 [com.deliveryplatform.demo.CoreRequirementsDemo.main()] INFO  com.deliveryplatform.demo.CoreRequirementsDemo - 4.2 測試 RestaurantUnavailableException (Checked Exception)
2025-10-16 11:07:28.936 [com.deliveryplatform.demo.CoreRequirementsDemo.main()] INFO  com.deliveryplatform.services.RestaurantServiceImpl - 餐廳 REST-002 嘗試接單 FAKE-ORDER
2025-10-16 11:07:28.936 [com.deliveryplatform.demo.CoreRequirementsDemo.main()] WARN  com.deliveryplatform.services.RestaurantServiceImpl - 業務異常 - acceptOrder: orderId=FAKE-ORDER, restaurantId=REST-002, 錯誤=Restaurant REST-002 is currently unavailable: 餐廳已關閉
2025-10-16 11:07:28.936 [com.deliveryplatform.demo.CoreRequirementsDemo.main()] WARN  com.deliveryplatform.demo.CoreRequirementsDemo - 捕獲 RestaurantUnavailableException: restaurantId=REST-002, errorCode=RESTAURANT_UNAVAILABLE
2025-10-16 11:07:28.937 [com.deliveryplatform.demo.CoreRequirementsDemo.main()] INFO  com.deliveryplatform.demo.CoreRequirementsDemo - 4.3 測試 InvalidOrderStateException (Checked Exception)
2025-10-16 11:07:28.937 [com.deliveryplatform.demo.CoreRequirementsDemo.main()] INFO  com.deliveryplatform.services.RestaurantServiceImpl - 餐廳 REST-001 開始製作訂單 NONEXISTENT-ORDER
2025-10-16 11:07:28.937 [com.deliveryplatform.demo.CoreRequirementsDemo.main()] ERROR com.deliveryplatform.services.RestaurantServiceImpl - 系統異常 - startPreparingOrder: orderId=NONEXISTENT-ORDER, restaurantId=REST-001
java.lang.IllegalArgumentException: 訂單不存在: NONEXISTENT-ORDER
	at com.deliveryplatform.services.RestaurantServiceImpl.lambda$getOrderAndValidateOwnership$0(RestaurantServiceImpl.java:246) ~[classes/:?]
	at java.util.Optional.orElseThrow(Optional.java:403) ~[?:?]
	at com.deliveryplatform.services.RestaurantServiceImpl.getOrderAndValidateOwnership(RestaurantServiceImpl.java:246) ~[classes/:?]
	at com.deliveryplatform.services.RestaurantServiceImpl.validateOrderForPreparation(RestaurantServiceImpl.java:221) ~[classes/:?]
	at com.deliveryplatform.services.RestaurantServiceImpl.startPreparingOrder(RestaurantServiceImpl.java:126) [classes/:?]
	at com.deliveryplatform.demo.CoreRequirementsDemo.demonstrateExceptionHandling(CoreRequirementsDemo.java:261) [classes/:?]
	at com.deliveryplatform.demo.CoreRequirementsDemo.main(CoreRequirementsDemo.java:49) [classes/:?]
	at org.codehaus.mojo.exec.ExecJavaMojo.doExec(ExecJavaMojo.java:371) [exec-maven-plugin-3.6.1.jar:3.6.1]
	at org.codehaus.mojo.exec.ExecJavaMojo.lambda$execute$0(ExecJavaMojo.java:289) [exec-maven-plugin-3.6.1.jar:3.6.1]
	at java.lang.Thread.run(Thread.java:1474) [?:?]
2025-10-16 11:07:28.943 [com.deliveryplatform.demo.CoreRequirementsDemo.main()] ERROR com.deliveryplatform.demo.CoreRequirementsDemo - 其他系統錯誤
java.lang.RuntimeException: 開始製作失敗：系統錯誤
	at com.deliveryplatform.services.RestaurantServiceImpl.startPreparingOrder(RestaurantServiceImpl.java:138) ~[classes/:?]
	at com.deliveryplatform.demo.CoreRequirementsDemo.demonstrateExceptionHandling(CoreRequirementsDemo.java:261) [classes/:?]
	at com.deliveryplatform.demo.CoreRequirementsDemo.main(CoreRequirementsDemo.java:49) [classes/:?]
	at org.codehaus.mojo.exec.ExecJavaMojo.doExec(ExecJavaMojo.java:371) [exec-maven-plugin-3.6.1.jar:3.6.1]
	at org.codehaus.mojo.exec.ExecJavaMojo.lambda$execute$0(ExecJavaMojo.java:289) [exec-maven-plugin-3.6.1.jar:3.6.1]
	at java.lang.Thread.run(Thread.java:1474) [?:?]
Caused by: java.lang.IllegalArgumentException: 訂單不存在: NONEXISTENT-ORDER
	at com.deliveryplatform.services.RestaurantServiceImpl.lambda$getOrderAndValidateOwnership$0(RestaurantServiceImpl.java:246) ~[classes/:?]
	at java.util.Optional.orElseThrow(Optional.java:403) ~[?:?]
	at com.deliveryplatform.services.RestaurantServiceImpl.getOrderAndValidateOwnership(RestaurantServiceImpl.java:246) ~[classes/:?]
	at com.deliveryplatform.services.RestaurantServiceImpl.validateOrderForPreparation(RestaurantServiceImpl.java:221) ~[classes/:?]
	at com.deliveryplatform.services.RestaurantServiceImpl.startPreparingOrder(RestaurantServiceImpl.java:126) ~[classes/:?]
	... 5 more
2025-10-16 11:07:28.944 [com.deliveryplatform.demo.CoreRequirementsDemo.main()] INFO  com.deliveryplatform.demo.CoreRequirementsDemo - 4.4 測試 DeliveryAssignmentException (Checked Exception)
2025-10-16 11:07:28.945 [com.deliveryplatform.demo.CoreRequirementsDemo.main()] INFO  com.deliveryplatform.services.DeliveryService - Driver removed from available pool: driverId=DRIVER-001
2025-10-16 11:07:28.945 [com.deliveryplatform.demo.CoreRequirementsDemo.main()] INFO  com.deliveryplatform.services.DeliveryService - Driver removed from available pool: driverId=DRIVER-002
2025-10-16 11:07:28.945 [com.deliveryplatform.demo.CoreRequirementsDemo.main()] INFO  com.deliveryplatform.services.DeliveryService - Driver removed from available pool: driverId=DRIVER-003
2025-10-16 11:07:28.945 [com.deliveryplatform.demo.CoreRequirementsDemo.main()] INFO  com.deliveryplatform.services.DeliveryService - Driver removed from available pool: driverId=DRIVER-004
2025-10-16 11:07:28.945 [com.deliveryplatform.demo.CoreRequirementsDemo.main()] INFO  com.deliveryplatform.services.DeliveryService - Driver removed from available pool: driverId=DRIVER-005
2025-10-16 11:07:28.945 [com.deliveryplatform.demo.CoreRequirementsDemo.main()] INFO  com.deliveryplatform.services.DeliveryService - Attempting to assign driver for order: FAKE-ORDER
2025-10-16 11:07:28.945 [com.deliveryplatform.demo.CoreRequirementsDemo.main()] WARN  com.deliveryplatform.services.DeliveryService - Business exception in assignDriver: orderId=FAKE-ORDER, error=Cannot transition order FAKE-ORDER from null to IN_DELIVERY: Order must be ready for delivery to assign a driver
2025-10-16 11:07:28.945 [com.deliveryplatform.demo.CoreRequirementsDemo.main()] ERROR com.deliveryplatform.demo.CoreRequirementsDemo - 其他系統錯誤
com.deliveryplatform.exceptions.InvalidOrderStateException: Cannot transition order FAKE-ORDER from null to IN_DELIVERY: Order must be ready for delivery to assign a driver
	at com.deliveryplatform.services.DeliveryService.lambda$getOrderAndValidateForDelivery$1(DeliveryService.java:146) ~[classes/:?]
	at java.util.Optional.orElseThrow(Optional.java:403) ~[?:?]
	at com.deliveryplatform.services.DeliveryService.getOrderAndValidateForDelivery(DeliveryService.java:146) ~[classes/:?]
	at com.deliveryplatform.services.DeliveryService.assignDriver(DeliveryService.java:42) ~[classes/:?]
	at com.deliveryplatform.demo.CoreRequirementsDemo.demonstrateExceptionHandling(CoreRequirementsDemo.java:282) [classes/:?]
	at com.deliveryplatform.demo.CoreRequirementsDemo.main(CoreRequirementsDemo.java:49) [classes/:?]
	at org.codehaus.mojo.exec.ExecJavaMojo.doExec(ExecJavaMojo.java:371) [exec-maven-plugin-3.6.1.jar:3.6.1]
	at org.codehaus.mojo.exec.ExecJavaMojo.lambda$execute$0(ExecJavaMojo.java:289) [exec-maven-plugin-3.6.1.jar:3.6.1]
	at java.lang.Thread.run(Thread.java:1474) [?:?]
2025-10-16 11:07:28.947 [com.deliveryplatform.demo.CoreRequirementsDemo.main()] INFO  com.deliveryplatform.demo.CoreRequirementsDemo - 4.5 模擬 Unchecked Exception (程式碼邏輯錯誤)
2025-10-16 11:07:28.948 [com.deliveryplatform.demo.CoreRequirementsDemo.main()] ERROR com.deliveryplatform.demo.CoreRequirementsDemo - 捕獲 NullPointerException (Unchecked Exception): 程式碼邏輯錯誤
java.lang.NullPointerException: Cannot invoke "String.length()" because "nullString" is null
	at com.deliveryplatform.demo.CoreRequirementsDemo.demonstrateExceptionHandling(CoreRequirementsDemo.java:295) [classes/:?]
	at com.deliveryplatform.demo.CoreRequirementsDemo.main(CoreRequirementsDemo.java:49) [classes/:?]
	at org.codehaus.mojo.exec.ExecJavaMojo.doExec(ExecJavaMojo.java:371) [exec-maven-plugin-3.6.1.jar:3.6.1]
	at org.codehaus.mojo.exec.ExecJavaMojo.lambda$execute$0(ExecJavaMojo.java:289) [exec-maven-plugin-3.6.1.jar:3.6.1]
	at java.lang.Thread.run(Thread.java:1474) [?:?]
2025-10-16 11:07:28.948 [com.deliveryplatform.demo.CoreRequirementsDemo.main()] INFO  com.deliveryplatform.demo.CoreRequirementsDemo - === 5. 演示 Log4j2 日誌級別 ===
2025-10-16 11:07:28.948 [com.deliveryplatform.demo.CoreRequirementsDemo.main()] INFO  com.deliveryplatform.demo.CoreRequirementsDemo - INFO 級別: 記錄正常的業務操作流程
2025-10-16 11:07:28.952 [com.deliveryplatform.demo.CoreRequirementsDemo.main()] INFO  com.deliveryplatform.demo.CoreRequirementsDemo - INFO 級別: 用戶登入 userId=USER-123
2025-10-16 11:07:28.953 [com.deliveryplatform.demo.CoreRequirementsDemo.main()] INFO  com.deliveryplatform.demo.CoreRequirementsDemo - INFO 級別: 訂單狀態更新 orderId=ORDER-456, newStatus=DELIVERED
2025-10-16 11:07:28.953 [com.deliveryplatform.demo.CoreRequirementsDemo.main()] WARN  com.deliveryplatform.demo.CoreRequirementsDemo - WARN 級別: 記錄業務邏輯錯誤 (Checked Exception)
2025-10-16 11:07:28.953 [com.deliveryplatform.demo.CoreRequirementsDemo.main()] WARN  com.deliveryplatform.demo.CoreRequirementsDemo - WARN 級別: 餐廳容量已滿 restaurantId=REST-001, currentOrders=10
2025-10-16 11:07:28.953 [com.deliveryplatform.demo.CoreRequirementsDemo.main()] WARN  com.deliveryplatform.demo.CoreRequirementsDemo - WARN 級別: 訂單驗證失敗 orderId=ORDER-789, reason=無效的地址格式
2025-10-16 11:07:28.953 [com.deliveryplatform.demo.CoreRequirementsDemo.main()] ERROR com.deliveryplatform.demo.CoreRequirementsDemo - ERROR 級別: 記錄系統錯誤 (Unchecked Exception)
2025-10-16 11:07:28.954 [com.deliveryplatform.demo.CoreRequirementsDemo.main()] ERROR com.deliveryplatform.demo.CoreRequirementsDemo - ERROR 級別: 資料庫連線失敗
2025-10-16 11:07:28.954 [com.deliveryplatform.demo.CoreRequirementsDemo.main()] ERROR com.deliveryplatform.demo.CoreRequirementsDemo - ERROR 級別: 外部 API 呼叫超時 service=PaymentService, timeout=5000ms
2025-10-16 11:07:28.954 [com.deliveryplatform.demo.CoreRequirementsDemo.main()] INFO  com.deliveryplatform.demo.CoreRequirementsDemo - 日誌級別使用原則總結:
2025-10-16 11:07:28.954 [com.deliveryplatform.demo.CoreRequirementsDemo.main()] INFO  com.deliveryplatform.demo.CoreRequirementsDemo - - INFO: 記錄正常業務操作，用於追蹤系統執行流程
2025-10-16 11:07:28.954 [com.deliveryplatform.demo.CoreRequirementsDemo.main()] INFO  com.deliveryplatform.demo.CoreRequirementsDemo - - WARN: 記錄 Checked Exception (業務邏輯錯誤)，需要關注但不影響系統運行
2025-10-16 11:07:28.956 [com.deliveryplatform.demo.CoreRequirementsDemo.main()] INFO  com.deliveryplatform.demo.CoreRequirementsDemo - - ERROR: 記錄 Unchecked Exception (程式碼邏輯或環境錯誤)，嚴重問題需要立即處理
2025-10-16 11:07:28.956 [com.deliveryplatform.demo.CoreRequirementsDemo.main()] INFO  com.deliveryplatform.demo.CoreRequirementsDemo - 透過這些日誌，我們可以發現後端執行過程中發生的各種問題！
2025-10-16 11:07:28.956 [com.deliveryplatform.demo.CoreRequirementsDemo.main()] INFO  com.deliveryplatform.demo.CoreRequirementsDemo - === 美食外送伺服端功能演示結束 ===
2025-10-16 11:21:26.977 [main] INFO  com.deliveryplatform.services.DeliveryService - Driver added to available pool: driverId=DRIVER-001
2025-10-16 11:21:26.979 [main] INFO  com.deliveryplatform.services.DeliveryService - Driver added to available pool: driverId=DRIVER-002
2025-10-16 11:21:26.979 [main] INFO  com.deliveryplatform.services.DeliveryService - Driver added to available pool: driverId=DRIVER-003
2025-10-16 11:21:26.979 [main] INFO  com.deliveryplatform.services.DeliveryService - Driver added to available pool: driverId=DRIVER-004
2025-10-16 11:21:26.979 [main] INFO  com.deliveryplatform.services.DeliveryService - Driver added to available pool: driverId=DRIVER-005
2025-10-16 11:21:36.279 [main] INFO  com.deliveryplatform.services.OrderService - Creating order: customerId=null, restaurantId=, itemCount=0
2025-10-16 11:21:36.280 [main] WARN  com.deliveryplatform.services.OrderService - Order validation failed: customerId=null, restaurantId=, errors=[Customer ID is required, Restaurant ID is required, Delivery address is required, Order must have at least one item]
2025-10-16 11:21:36.281 [main] WARN  com.deliveryplatform.controllers.GlobalExceptionHandler - Order validation failed: errorCode=ORDER_VALIDATION_FAILED, errors=[Customer ID is required, Restaurant ID is required, Delivery address is required, Order must have at least one item]
2025-10-16 11:21:36.282 [main] INFO  com.deliveryplatform.services.RestaurantServiceImpl - 餐廳 REST-CLOSED 嘗試接單 FAKE-ORDER
2025-10-16 11:21:36.283 [main] WARN  com.deliveryplatform.services.RestaurantServiceImpl - 業務異常 - acceptOrder: orderId=FAKE-ORDER, restaurantId=REST-CLOSED, 錯誤=Restaurant REST-CLOSED is currently unavailable: 餐廳已關閉
2025-10-16 11:21:36.283 [main] WARN  com.deliveryplatform.controllers.GlobalExceptionHandler - Restaurant unavailable: restaurantId=REST-CLOSED, reason=Restaurant REST-CLOSED is currently unavailable: 餐廳已關閉
2025-10-16 11:21:36.283 [main] INFO  com.deliveryplatform.services.RestaurantServiceImpl - 餐廳 REST-001 開始製作訂單 FAKE-ORDER
2025-10-16 11:21:36.284 [main] ERROR com.deliveryplatform.services.RestaurantServiceImpl - 系統異常 - startPreparingOrder: orderId=FAKE-ORDER, restaurantId=REST-001
java.lang.IllegalArgumentException: 訂單不存在: FAKE-ORDER
	at com.deliveryplatform.services.RestaurantServiceImpl.lambda$getOrderAndValidateOwnership$0(RestaurantServiceImpl.java:246) ~[classes/:?]
	at java.util.Optional.orElseThrow(Optional.java:403) ~[?:?]
	at com.deliveryplatform.services.RestaurantServiceImpl.getOrderAndValidateOwnership(RestaurantServiceImpl.java:246) ~[classes/:?]
	at com.deliveryplatform.services.RestaurantServiceImpl.validateOrderForPreparation(RestaurantServiceImpl.java:221) ~[classes/:?]
	at com.deliveryplatform.services.RestaurantServiceImpl.startPreparingOrder(RestaurantServiceImpl.java:126) [classes/:?]
	at com.deliveryplatform.demo.ConsoleTestRunner.runExceptionTests(ConsoleTestRunner.java:155) [classes/:?]
	at com.deliveryplatform.demo.ConsoleTestRunner.showMainMenu(ConsoleTestRunner.java:107) [classes/:?]
	at com.deliveryplatform.demo.ConsoleTestRunner.main(ConsoleTestRunner.java:37) [classes/:?]
2025-10-16 11:21:36.293 [main] INFO  com.deliveryplatform.services.DeliveryService - Driver removed from available pool: driverId=DRIVER-001
2025-10-16 11:21:36.293 [main] INFO  com.deliveryplatform.services.DeliveryService - Driver removed from available pool: driverId=DRIVER-002
2025-10-16 11:21:36.293 [main] INFO  com.deliveryplatform.services.DeliveryService - Driver removed from available pool: driverId=DRIVER-003
2025-10-16 11:21:36.294 [main] INFO  com.deliveryplatform.services.DeliveryService - Driver removed from available pool: driverId=DRIVER-004
2025-10-16 11:21:36.294 [main] INFO  com.deliveryplatform.services.DeliveryService - Driver removed from available pool: driverId=DRIVER-005
2025-10-16 11:21:36.294 [main] INFO  com.deliveryplatform.services.DeliveryService - Attempting to assign driver for order: FAKE-ORDER
2025-10-16 11:21:36.296 [main] WARN  com.deliveryplatform.services.DeliveryService - Business exception in assignDriver: orderId=FAKE-ORDER, error=Cannot transition order FAKE-ORDER from null to IN_DELIVERY: Order must be ready for delivery to assign a driver
